path,file_type,line_count,imports,exports,referenced_by,references,purpose,status,cleanup_action
proof_logs.txt,txt,24942,,,,,General component,KEEP,none
EOG_DCF_Writeup.pdf,pdf,0,,,,,General component,KEEP,none
vercel.json,json,26,,,,,General component,KEEP,none
requirements.txt,txt,20,,,,,General component,KEEP,none
EOG_DCF_Writeup.md,md,55,,,,,General component,KEEP,none
BUILD_LOG.md,md,60,,,,,General component,KEEP,none
Makefile,unknown,30,,,,,General component,KEEP,none
extract_proof_package.sh,sh,222,,,,,General component,KEEP,none
README.md,md,124,,,,,General component,KEEP,none
generate_proof_ledgers.py,py,71,,,,,General component,KEEP,none
README_VERCEL.md,md,99,,,,,General component,KEEP,none
requirements-dev.txt,txt,30,,,,,General component,KEEP,none
.gitignore,unknown,10,,,,,General component,KEEP,none
caligula_proof_package.zip,zip,0,,,,,General component,KEEP,none
build_excel_dcf.py,py,1143,,,,,General component,KEEP,none
walkthrough.md,md,301,,,,,General component,KEEP,none
.env.example,example,4,,,,,General component,KEEP,none
EOG_DCF_Model.xlsx,xlsx,0,,,,,General component,KEEP,none
compile_writeup_pdf.py,py,441,,,,,General component,KEEP,none
run_backtest.py,py,87,,,,,General component,KEEP,none
config/universe.yaml,yaml,122,,,,,General component,KEEP,none
config/weights.yaml,yaml,113,,,,,General component,KEEP,none
tests/__init__.py,py,0,,,,,General component,KEEP,none
tests/test_pipeline.py,py,271,,,,,General component,KEEP,none
caligula/config.py,py,78,,,,,General component,KEEP,none
caligula/paths.py,py,37,,,,,General component,KEEP,none
caligula/__init__.py,py,0,,,,,General component,KEEP,none
caligula/contracts.py,py,161,,,,,General component,KEEP,none
caligula/errors.py,py,29,,,,,General component,KEEP,none
caligula/ingestion/__init__.py,py,0,,,,,General component,KEEP,none
caligula/ingestion/filing_index.py,py,25,,,,,General component,KEEP,none
caligula/ingestion/extraction_audit.py,py,134,,,,,General component,KEEP,none
caligula/ingestion/extraction.py,py,203,,,,,General component,KEEP,none
caligula/ingestion/sec_fetch.py,py,73,,,,,General component,KEEP,none
caligula/normalization/reserve_mapping.py,py,83,,,,,General component,KEEP,none
caligula/normalization/__init__.py,py,0,,,,,General component,KEEP,none
caligula/utils/config.py,py,39,,,,,General component,KEEP,none
caligula/utils/io.py,py,34,,,,,General component,KEEP,none
caligula/utils/__init__.py,py,0,,,,,General component,KEEP,none
caligula/utils/dates.py,py,18,,,,,General component,KEEP,none
caligula/exports/__init__.py,py,0,,,,,General component,KEEP,none
caligula/exports/website_public.py,py,38,,,,,General component,KEEP,none
caligula/backtest/metrics.py,py,140,,,,,General component,KEEP,none
caligula/backtest/audit_example.py,py,66,,,,,General component,KEEP,none
caligula/backtest/__init__.py,py,0,,,,,General component,KEEP,none
caligula/backtest/performance_ledger.py,py,97,,,,,General component,KEEP,none
caligula/backtest/returns.py,py,27,,,,,General component,KEEP,none
caligula/backtest/universe.py,py,57,,,,,General component,KEEP,none
caligula/backtest/portfolio.py,py,53,,,,,General component,KEEP,none
caligula/dashboard/__init__.py,py,0,,,,,General component,KEEP,none
caligula/dashboard/app.py,py,47,,,,,General component,KEEP,none
caligula/scoring/rankings.py,py,81,,,,,General component,KEEP,none
caligula/scoring/__init__.py,py,0,,,,,General component,KEEP,none
caligula/scoring/pillars.py,py,70,,,,,General component,KEEP,none
caligula/scoring/composite.py,py,58,,,,,General component,KEEP,none
caligula/valuation/eog_dcf.py,py,36,,,,,General component,KEEP,none
caligula/valuation/reserve_tv.py,py,98,,,,,General component,KEEP,none
caligula/valuation/sensitivities.py,py,34,,,,,General component,KEEP,none
caligula/valuation/__init__.py,py,0,,,,,General component,KEEP,none
caligula/valuation/wacc.py,py,43,,,,,General component,KEEP,none
caligula/validation/extraction_checks.py,py,119,,,,,General component,KEEP,none
caligula/validation/stub_allowlist.yml,yml,12,,,,,General component,KEEP,none
caligula/validation/__init__.py,py,0,,,,,General component,KEEP,none
caligula/validation/no_stub_scan.py,py,108,,,,,General component,KEEP,none
caligula/validation/inventory_scan.py,py,124,,,,,General component,KEEP,none
api/index.py,py,234,,,,,General component,KEEP,none
proof_package/logs/12_json_sample.log,log,55,,,,,General component,KEEP,none
proof_package/logs/07_stub_fake_scan.log,log,2,,,,,General component,KEEP,none
proof_package/logs/04_make_test.log,log,20,,,,,General component,KEEP,none
proof_package/logs/10_claim_language_scan.log,log,0,,,,,General component,KEEP,none
proof_package/logs/02_file_inventory.log,log,625,,,,,General component,KEEP,none
proof_package/logs/00_system_info.log,log,86,,,,,General component,KEEP,none
proof_package/logs/06_direct_module_checks.log,log,0,,,,,General component,KEEP,none
proof_package/logs/03_make_run_scans.log,log,4,,,,,General component,KEEP,none
proof_package/logs/01_tree_L4.log,log,0,,,,,General component,KEEP,none
proof_package/logs/05_make_all.log,log,35,,,,,General component,KEEP,none
proof_package/logs/09_dashboard_scan.log,log,0,,,,,General component,KEEP,none
proof_package/logs/11_ledger_samples.log,log,148,,,,,General component,KEEP,none
proof_package/logs/08_fallback_scan.log,log,10,,,,,General component,KEEP,none
proof_package/logs/13_schema_check.log,log,15,,,,,General component,KEEP,none
proof_package/files/EOG_DCF_Writeup.md,md,55,,,,,General component,KEEP,none
proof_package/files/extraction_ledger.csv,csv,2,,,,,General component,KEEP,none
proof_package/files/Makefile,unknown,30,,,,,General component,KEEP,none
proof_package/files/performance_ledger.csv,csv,2,,,,,General component,KEEP,none
proof_package/files/pit_audit_examples.csv,csv,2,,,,,General component,KEEP,none
proof_package/files/public_caligula_data.json,json,54,,,,,General component,KEEP,none
proof_package/files/reserve_ledger.csv,csv,2,,,,,General component,KEEP,none
proof_package/files/app.py,py,47,,,,,General component,KEEP,none
proof_package/files/universe_ledger.csv,csv,2,,,,,General component,KEEP,none
data/normalized/reserve_ledger.csv,csv,2,,,,,General component,KEEP,none
data/scores/scores_20190630.csv,csv,9,,,,,General component,KEEP,none
data/scores/scores_20201231.csv,csv,10,,,,,General component,KEEP,none
data/scores/scores_20160930.csv,csv,9,,,,,General component,KEEP,none
data/scores/scores_20240331.csv,csv,14,,,,,General component,KEEP,none
data/scores/scores_20200930.csv,csv,10,,,,,General component,KEEP,none
data/scores/scores_20161231.csv,csv,9,,,,,General component,KEEP,none
data/scores/scores_20210930.csv,csv,10,,,,,General component,KEEP,none
data/scores/scores_20171231.csv,csv,9,,,,,General component,KEEP,none
data/scores/scores_20180630.csv,csv,9,,,,,General component,KEEP,none
data/scores/scores_20211231.csv,csv,13,,,,,General component,KEEP,none
data/scores/scores_20170930.csv,csv,9,,,,,General component,KEEP,none
data/scores/scores_20250331.csv,csv,12,,,,,General component,KEEP,none
data/scores/scores_20151231.csv,csv,9,,,,,General component,KEEP,none
data/scores/backtest_returns.parquet,parquet,0,,,,,General component,KEEP,none
data/scores/scores_20230930.csv,csv,14,,,,,General component,KEEP,none
data/scores/scores_20180331.csv,csv,9,,,,,General component,KEEP,none
data/scores/scores_20150930.csv,csv,9,,,,,General component,KEEP,none
data/scores/scores_20231231.csv,csv,14,,,,,General component,KEEP,none
data/scores/scores_20250630.csv,csv,12,,,,,General component,KEEP,none
data/scores/scores_20190331.csv,csv,9,,,,,General component,KEEP,none
data/scores/scores_20140930.csv,csv,9,,,,,General component,KEEP,none
data/scores/scores_20221231.csv,csv,14,,,,,General component,KEEP,none
data/scores/scores_20240630.csv,csv,12,,,,,General component,KEEP,none
data/scores/scores_20141231.csv,csv,9,,,,,General component,KEEP,none
data/scores/scores_20220930.csv,csv,14,,,,,General component,KEEP,none
data/scores/scores_20180930.csv,csv,9,,,,,General component,KEEP,none
data/scores/scores_20170630.csv,csv,9,,,,,General component,KEEP,none
data/scores/scores_20150331.csv,csv,9,,,,,General component,KEEP,none
data/scores/scores_20230331.csv,csv,14,,,,,General component,KEEP,none
data/scores/scores_20210630.csv,csv,10,,,,,General component,KEEP,none
data/scores/scores_20181231.csv,csv,9,,,,,General component,KEEP,none
data/scores/scores_20220331.csv,csv,13,,,,,General component,KEEP,none
data/scores/scores_20200630.csv,csv,10,,,,,General component,KEEP,none
data/scores/general_scores.parquet,parquet,0,,,,,General component,KEEP,none
data/scores/scores_20191231.csv,csv,9,,,,,General component,KEEP,none
data/scores/scores_20190930.csv,csv,9,,,,,General component,KEEP,none
data/scores/general_backtest_returns.parquet,parquet,0,,,,,General component,KEEP,none
data/scores/scores_20160630.csv,csv,9,,,,,General component,KEEP,none
data/scores/scores_20140331.csv,csv,9,,,,,General component,KEEP,none
data/scores/scores_20241231.csv,csv,12,,,,,General component,KEEP,none
data/scores/scores_20220630.csv,csv,13,,,,,General component,KEEP,none
data/scores/scores_20200331.csv,csv,10,,,,,General component,KEEP,none
data/scores/scores_20240930.csv,csv,12,,,,,General component,KEEP,none
data/scores/scores_20160331.csv,csv,9,,,,,General component,KEEP,none
data/scores/scores_20140630.csv,csv,9,,,,,General component,KEEP,none
data/scores/scores_20250930.csv,csv,12,,,,,General component,KEEP,none
data/scores/scores_20170331.csv,csv,9,,,,,General component,KEEP,none
data/scores/all_scores.parquet,parquet,0,,,,,General component,KEEP,none
data/scores/scores_20150630.csv,csv,9,,,,,General component,KEEP,none
data/scores/scores_20251231.csv,csv,11,,,,,General component,KEEP,none
data/scores/scores_20230630.csv,csv,14,,,,,General component,KEEP,none
data/scores/scores_20210331.csv,csv,10,,,,,General component,KEEP,none
data/backtest/performance_ledger.csv,csv,2,,,,,General component,KEEP,none
data/backtest/pit_audit_examples.csv,csv,2,,,,,General component,KEEP,none
data/backtest/universe_ledger.csv,csv,2,,,,,General component,KEEP,none
data/audit/extraction_ledger.csv,csv,2,,,,,General component,KEEP,none
data/raw/prices/px_PXD.parquet,parquet,0,,,,,General component,KEEP,none
data/raw/prices/px_V.parquet,parquet,0,,,,,General component,KEEP,none
data/raw/prices/px_MTDR.parquet,parquet,0,,,,,General component,KEEP,none
data/raw/prices/px_JPM.parquet,parquet,0,,,,,General component,KEEP,none
data/raw/prices/px_OVV.parquet,parquet,0,,,,,General component,KEEP,none
data/raw/prices/px_CRGY.parquet,parquet,0,,,,,General component,KEEP,none
data/raw/prices/px_TSLA.parquet,parquet,0,,,,,General component,KEEP,none
data/raw/prices/px_NFLX.parquet,parquet,0,,,,,General component,KEEP,none
data/raw/prices/px_SPY.parquet,parquet,0,,,,,General component,KEEP,none
data/raw/prices/px_MSFT.parquet,parquet,0,,,,,General component,KEEP,none
data/raw/prices/px_CXO.parquet,parquet,0,,,,,General component,KEEP,none
data/raw/prices/px_XOP.parquet,parquet,0,,,,,General component,KEEP,none
data/raw/prices/px_PG.parquet,parquet,0,,,,,General component,KEEP,none
data/raw/prices/px_PR.parquet,parquet,0,,,,,General component,KEEP,none
data/raw/prices/px_JNJ.parquet,parquet,0,,,,,General component,KEEP,none
data/raw/prices/px_GOOG.parquet,parquet,0,,,,,General component,KEEP,none
data/raw/prices/px_CL=F.parquet,parquet,0,,,,,General component,KEEP,none
data/raw/prices/px_SM.parquet,parquet,0,,,,,General component,KEEP,none
data/raw/prices/px_CPE.parquet,parquet,0,,,,,General component,KEEP,none
data/raw/prices/px_WMT.parquet,parquet,0,,,,,General component,KEEP,none
data/raw/prices/px_EOG.parquet,parquet,0,,,,,General component,KEEP,none
data/raw/prices/px_AAPL.parquet,parquet,0,,,,,General component,KEEP,none
data/raw/prices/px_DIS.parquet,parquet,0,,,,,General component,KEEP,none
data/raw/prices/px_VTLE.parquet,parquet,0,,,,,General component,KEEP,none
data/raw/prices/px_META.parquet,parquet,0,,,,,General component,KEEP,none
data/raw/prices/px_AMZN.parquet,parquet,0,,,,,General component,KEEP,none
data/raw/prices/px_CIVI.parquet,parquet,0,,,,,General component,KEEP,none
data/raw/prices/px_CTRA.parquet,parquet,0,,,,,General component,KEEP,none
data/raw/prices/px_NVDA.parquet,parquet,0,,,,,General component,KEEP,none
data/raw/prices/px_APA.parquet,parquet,0,,,,,General component,KEEP,none
data/raw/prices/px_FANG.parquet,parquet,0,,,,,General component,KEEP,none
data/raw/fred/fred_DCOILWTICO.parquet,parquet,0,,,,,General component,KEEP,none
data/raw/eia/eia_COPRPM.parquet,parquet,0,,,,,General component,KEEP,none
data/raw/eia/eia_COPRPER.parquet,parquet,0,,,,,General component,KEEP,none
data/raw/edgar/llm_extract_0000893538_0000893538-22-000045.json,json,21,,,,,General component,KEEP,none
data/raw/edgar/llm_extract_0000928054_0000928054-19-000095.json,json,21,,,,,General component,KEEP,none
data/raw/edgar/facts_0000821189.json,json,235822,,,,,General component,KEEP,none
data/raw/edgar/llm_extract_0001038357_0001038357-24-000020.json,json,21,,,,,General component,KEEP,none
data/raw/edgar/sub_0001539838.json,json,16120,,,,,General component,KEEP,none
data/raw/edgar/llm_extract_0001539838_0001539838-19-000095.json,json,21,,,,,General component,KEEP,none
data/raw/edgar/llm_extract_0001792580_0001564590-23-002595.json,json,21,,,,,General component,KEEP,none
data/raw/edgar/facts_0001038357.json,json,238623,,,,,General component,KEEP,none
data/raw/edgar/llm_extract_0000821189_0000821189-21-000075.json,json,21,,,,,General component,KEEP,none
data/raw/edgar/llm_extract_0000928054_0000928054-19-000083.json,json,21,,,,,General component,KEEP,none
data/raw/edgar/llm_extract_0001038357_0001038357-18-000015.json,json,21,,,,,General component,KEEP,none
data/raw/edgar/facts_0001841666.json,json,90857,,,,,General component,KEEP,none
data/raw/edgar/llm_extract_0001038357_0001038357-16-000173.json,json,21,,,,,General component,KEEP,none
data/raw/edgar/llm_extract_0001509589_0001509589-22-000044.json,json,21,,,,,General component,KEEP,none
data/raw/edgar/llm_extract_0001358071_0001358071-17-000005.json,json,21,,,,,General component,KEEP,none
data/raw/edgar/llm_extract_0001658566_0001658566-23-000092.json,json,21,,,,,General component,KEEP,none
data/raw/edgar/llm_extract_0001866175_0001866175-23-000026.json,json,21,,,,,General component,KEEP,none
data/raw/edgar/llm_extract_0001358071_0001358071-20-000045.json,json,21,,,,,General component,KEEP,none
data/raw/edgar/llm_extract_0001358071_0001358071-17-000013.json,json,21,,,,,General component,KEEP,none
data/raw/edgar/llm_extract_0001539838_0001539838-22-000133.json,json,21,,,,,General component,KEEP,none
data/raw/edgar/llm_extract_0001539838_0001539838-23-000045.json,json,21,,,,,General component,KEEP,none
data/raw/edgar/llm_extract_0001520006_0001520006-17-000199.json,json,21,,,,,General component,KEEP,none
data/raw/edgar/llm_extract_0001528129_0001528129-20-000082.json,json,21,,,,,General component,KEEP,none
data/raw/edgar/llm_extract_0001520006_0001520006-21-000056.json,json,21,,,,,General component,KEEP,none
data/raw/edgar/llm_extract_0000893538_0000893538-20-000051.json,json,21,,,,,General component,KEEP,none
data/raw/edgar/llm_extract_0001866175_0001866175-23-000010.json,json,21,,,,,General component,KEEP,none
data/raw/edgar/llm_extract_0001038357_0001038357-22-000118.json,json,21,,,,,General component,KEEP,none
data/raw/edgar/llm_extract_0001520006_0001520006-19-000159.json,json,21,,,,,General component,KEEP,none
data/raw/edgar/llm_extract_0001038357_0001038357-23-000039.json,json,21,,,,,General component,KEEP,none
data/raw/edgar/llm_extract_0001358071_0001358071-20-000032.json,json,21,,,,,General component,KEEP,none
data/raw/edgar/llm_extract_0001539838_0001539838-25-000147.json,json,21,,,,,General component,KEEP,none
data/raw/edgar/llm_extract_0000893538_0000893538-19-000090.json,json,21,,,,,General component,KEEP,none
data/raw/edgar/llm_extract_0001358071_0001193125-14-193448.json,json,21,,,,,General component,KEEP,none
data/raw/edgar/llm_extract_0001358071_0001358071-16-000041.json,json,21,,,,,General component,KEEP,none
data/raw/edgar/llm_extract_0001866175_0001866175-22-000035.json,json,21,,,,,General component,KEEP,none
data/raw/edgar/llm_extract_0001520006_0001520006-24-000165.json,json,21,,,,,General component,KEEP,none
data/raw/edgar/llm_extract_0001358071_0001358071-19-000006.json,json,21,,,,,General component,KEEP,none
data/raw/edgar/llm_extract_0001520006_0001520006-20-000213.json,json,21,,,,,General component,KEEP,none
data/raw/edgar/llm_extract_0001539838_0001539838-20-000111.json,json,21,,,,,General component,KEEP,none
data/raw/edgar/llm_extract_0000893538_0000893538-18-000133.json,json,21,,,,,General component,KEEP,none
data/raw/edgar/llm_extract_0001539838_0001539838-20-000054.json,json,21,,,,,General component,KEEP,none
data/raw/edgar/llm_extract_0001658566_0001658566-25-000041.json,json,21,,,,,General component,KEEP,none
data/raw/edgar/llm_extract_0001528129_0001528129-17-000076.json,json,21,,,,,General component,KEEP,none
data/raw/edgar/llm_extract_0000893538_0000893538-19-000012.json,json,21,,,,,General component,KEEP,none
data/raw/edgar/llm_extract_0001841666_0001784031-22-000021.json,json,21,,,,,General component,KEEP,none
data/raw/edgar/llm_extract_0001038357_0001038357-19-000010.json,json,21,,,,,General component,KEEP,none
data/raw/edgar/llm_extract_0001841666_0001673379-21-000012.json,json,21,,,,,General component,KEEP,none
data/raw/edgar/llm_extract_0000893538_0000893538-21-000081.json,json,21,,,,,General component,KEEP,none
data/raw/edgar/llm_extract_0001528129_0001528129-16-000287.json,json,21,,,,,General component,KEEP,none
data/raw/edgar/llm_extract_0001528129_0001528129-19-000081.json,json,21,,,,,General component,KEEP,none
data/raw/edgar/llm_extract_0001528129_0001528129-24-000195.json,json,21,,,,,General component,KEEP,none
data/raw/edgar/llm_extract_0001038357_0001038357-19-000046.json,json,21,,,,,General component,KEEP,none
data/raw/edgar/llm_extract_0001358071_0001358071-19-000011.json,json,21,,,,,General component,KEEP,none
data/raw/edgar/llm_extract_0001038357_0001038357-18-000075.json,json,21,,,,,General component,KEEP,none
data/raw/edgar/llm_extract_0001841666_0001784031-23-000013.json,json,21,,,,,General component,KEEP,none
data/raw/edgar/llm_extract_0001528129_0001528129-23-000092.json,json,21,,,,,General component,KEEP,none
data/raw/edgar/llm_extract_0001038357_0001038357-20-000009.json,json,21,,,,,General component,KEEP,none
data/raw/edgar/llm_extract_0000928054_0000928054-16-000134.json,json,21,,,,,General component,KEEP,none
data/raw/edgar/llm_extract_0001866175_0001866175-25-000109.json,json,21,,,,,General component,KEEP,none
data/raw/edgar/llm_extract_0000928054_0000928054-21-000162.json,json,21,,,,,General component,KEEP,none
data/raw/edgar/llm_extract_0001038357_0001038357-21-000016.json,json,21,,,,,General component,KEEP,none
data/raw/edgar/llm_extract_0001841666_0001673379-21-000029.json,json,21,,,,,General component,KEEP,none
data/raw/edgar/llm_extract_0001520006_0001520006-20-000140.json,json,21,,,,,General component,KEEP,none
data/raw/edgar/llm_extract_0001520006_0001520006-22-000206.json,json,21,,,,,General component,KEEP,none
data/raw/edgar/llm_extract_0000821189_0000821189-25-000070.json,json,21,,,,,General component,KEEP,none
data/raw/edgar/llm_extract_0001866175_0001866175-24-000053.json,json,21,,,,,General component,KEEP,none
data/raw/edgar/llm_extract_0001520006_0001520006-17-000141.json,json,21,,,,,General component,KEEP,none
data/raw/edgar/llm_extract_0000821189_0000821189-23-000040.json,json,21,,,,,General component,KEEP,none
data/raw/edgar/llm_extract_0001358071_0001358071-18-000018.json,json,21,,,,,General component,KEEP,none
data/raw/edgar/llm_extract_0001539838_0001539838-18-000117.json,json,21,,,,,General component,KEEP,none
data/raw/edgar/llm_extract_0000858470_0000858470-21-000060.json,json,21,,,,,General component,KEEP,none
data/raw/edgar/llm_extract_0001528129_0001528129-18-000026.json,json,21,,,,,General component,KEEP,none
data/raw/edgar/llm_extract_0001038357_0001038357-17-000065.json,json,21,,,,,General component,KEEP,none
data/raw/edgar/llm_extract_0001509589_0001509589-23-000017.json,json,21,,,,,General component,KEEP,none
data/raw/edgar/llm_extract_0001866175_0001866175-22-000022.json,json,21,,,,,General component,KEEP,none
data/raw/edgar/llm_extract_0000928054_0000928054-22-000124.json,json,21,,,,,General component,KEEP,none
data/raw/edgar/llm_extract_0000928054_0000928054-14-000004.json,json,21,,,,,General component,KEEP,none
data/raw/edgar/llm_extract_0000928054_0000928054-23-000052.json,json,21,,,,,General component,KEEP,none
data/raw/edgar/llm_extract_0001038357_0001038357-17-000012.json,json,21,,,,,General component,KEEP,none
data/raw/edgar/llm_extract_0001539838_0001539838-23-000101.json,json,21,,,,,General component,KEEP,none
data/raw/edgar/llm_extract_0000893538_0000893538-17-000051.json,json,21,,,,,General component,KEEP,none
data/raw/edgar/llm_extract_0000928054_0000928054-21-000085.json,json,21,,,,,General component,KEEP,none
data/raw/edgar/llm_extract_0000821189_0000821189-25-000011.json,json,21,,,,,General component,KEEP,none
data/raw/edgar/llm_extract_0000893538_0000893538-25-000138.json,json,21,,,,,General component,KEEP,none
data/raw/edgar/llm_extract_0001358071_0001358071-16-000037.json,json,21,,,,,General component,KEEP,none
data/raw/edgar/llm_extract_0000893538_0000893538-16-000218.json,json,21,,,,,General component,KEEP,none
data/raw/edgar/llm_extract_0001038357_0001038357-21-000036.json,json,21,,,,,General component,KEEP,none
data/raw/edgar/llm_extract_0000893538_0000893538-23-000108.json,json,21,,,,,General component,KEEP,none
data/raw/edgar/llm_extract_0001539838_0001539838-25-000127.json,json,21,,,,,General component,KEEP,none
data/raw/edgar/llm_extract_0000928054_0000928054-19-000016.json,json,21,,,,,General component,KEEP,none
data/raw/edgar/llm_extract_0001539838_0001539838-19-000057.json,json,21,,,,,General component,KEEP,none
data/raw/edgar/llm_extract_0001658566_0001658566-24-000053.json,json,21,,,,,General component,KEEP,none
data/raw/edgar/llm_extract_0001841666_0001784031-23-000025.json,json,21,,,,,General component,KEEP,none
data/raw/edgar/llm_extract_0000821189_0000821189-22-000028.json,json,21,,,,,General component,KEEP,none
data/raw/edgar/llm_extract_0000893538_0000893538-14-000037.json,json,21,,,,,General component,KEEP,none
data/raw/edgar/llm_extract_0001528129_0001528129-17-000145.json,json,21,,,,,General component,KEEP,none
data/raw/edgar/llm_extract_0001358071_0001358071-18-000014.json,json,21,,,,,General component,KEEP,none
data/raw/edgar/llm_extract_0001520006_0001520006-19-000115.json,json,21,,,,,General component,KEEP,none
data/raw/edgar/llm_extract_0000821189_0000821189-20-000010.json,json,21,,,,,General component,KEEP,none
data/raw/edgar/facts_0001520006.json,json,200213,,,,,General component,KEEP,none
data/raw/edgar/llm_extract_0000858470_0000858470-25-000199.json,json,21,,,,,General component,KEEP,none
data/raw/edgar/llm_extract_0000928054_0000928054-23-000091.json,json,21,,,,,General component,KEEP,none
data/raw/edgar/llm_extract_0000928054_0000928054-18-000048.json,json,21,,,,,General component,KEEP,none
data/raw/edgar/llm_extract_0001520006_0001520006-24-000105.json,json,21,,,,,General component,KEEP,none
data/raw/edgar/llm_extract_0001841666_0002040266-25-000012.json,json,21,,,,,General component,KEEP,none
data/raw/edgar/llm_extract_0001539838_0001539838-17-000127.json,json,21,,,,,General component,KEEP,none
data/raw/edgar/llm_extract_0001658566_0001658566-25-000092.json,json,21,,,,,General component,KEEP,none
data/raw/edgar/llm_extract_0001528129_0001528129-25-000135.json,json,21,,,,,General component,KEEP,none
data/raw/edgar/llm_extract_0001528129_0001528129-19-000012.json,json,21,,,,,General component,KEEP,none
data/raw/edgar/llm_extract_0001866175_0001866175-24-000015.json,json,21,,,,,General component,KEEP,none
data/raw/edgar/llm_extract_0001038357_0001038357-20-000034.json,json,21,,,,,General component,KEEP,none
data/raw/edgar/llm_extract_0000821189_0000821189-23-000051.json,json,21,,,,,General component,KEEP,none
data/raw/edgar/llm_extract_0001528129_0001528129-18-000076.json,json,21,,,,,General component,KEEP,none
data/raw/edgar/llm_extract_0001509589_0001509589-22-000131.json,json,21,,,,,General component,KEEP,none
data/raw/edgar/llm_extract_0000893538_0000893538-20-000124.json,json,21,,,,,General component,KEEP,none
data/raw/edgar/llm_extract_0001539838_0001539838-23-000022.json,json,21,,,,,General component,KEEP,none
data/raw/edgar/llm_extract_0001539838_0001539838-18-000014.json,json,21,,,,,General component,KEEP,none
data/raw/edgar/llm_extract_0000821189_0000821189-19-000039.json,json,21,,,,,General component,KEEP,none
data/raw/edgar/llm_extract_0001792580_0001564590-21-006570.json,json,21,,,,,General component,KEEP,none
data/raw/edgar/facts_0001358071.json,json,176047,,,,,General component,KEEP,none
data/raw/edgar/llm_extract_0000893538_0000893538-14-000010.json,json,21,,,,,General component,KEEP,none
data/raw/edgar/llm_extract_0001358071_0001358071-20-000059.json,json,21,,,,,General component,KEEP,none
data/raw/edgar/facts_0001866175.json,json,64538,,,,,General component,KEEP,none
data/raw/edgar/llm_extract_0001358071_0001358071-14-000012.json,json,21,,,,,General component,KEEP,none
data/raw/edgar/facts_0000928054.json,json,263272,,,,,General component,KEEP,none
data/raw/edgar/facts_0001509589.json,json,169912,,,,,General component,KEEP,none
data/raw/edgar/llm_extract_0001539838_0001539838-20-000101.json,json,21,,,,,General component,KEEP,none
data/raw/edgar/llm_extract_0001520006_0001520006-25-000218.json,json,21,,,,,General component,KEEP,none
data/raw/edgar/llm_extract_0000928054_0000928054-16-000152.json,json,21,,,,,General component,KEEP,none
data/raw/edgar/llm_extract_0001038357_0001038357-23-000064.json,json,21,,,,,General component,KEEP,none
data/raw/edgar/llm_extract_0001528129_0001528129-21-000189.json,json,21,,,,,General component,KEEP,none
data/raw/edgar/llm_extract_0000893538_0000893538-24-000136.json,json,21,,,,,General component,KEEP,none
data/raw/edgar/llm_extract_0000893538_0000893538-25-000040.json,json,21,,,,,General component,KEEP,none
data/raw/edgar/llm_extract_0001792580_0000950170-25-098401.json,json,21,,,,,General component,KEEP,none
data/raw/edgar/sub_0000858470.json,json,16248,,,,,General component,KEEP,none
data/raw/edgar/llm_extract_0001528129_0001528129-16-000258.json,json,21,,,,,General component,KEEP,none
data/raw/edgar/llm_extract_0001792580_0001564590-20-023338.json,json,21,,,,,General component,KEEP,none
data/raw/edgar/llm_extract_0000928054_0000928054-23-000203.json,json,21,,,,,General component,KEEP,none
data/raw/edgar/llm_extract_0000928054_0000928054-17-000065.json,json,21,,,,,General component,KEEP,none
data/raw/edgar/llm_extract_0001358071_0001358071-15-000017.json,json,21,,,,,General component,KEEP,none
data/raw/edgar/llm_extract_0000821189_0000821189-20-000040.json,json,21,,,,,General component,KEEP,none
data/raw/edgar/llm_extract_0001792580_0001564590-20-034916.json,json,21,,,,,General component,KEEP,none
data/raw/edgar/llm_extract_0000893538_0000893538-25-000113.json,json,21,,,,,General component,KEEP,none
data/raw/edgar/llm_extract_0000858470_0000858470-25-000075.json,json,21,,,,,General component,KEEP,none
data/raw/edgar/llm_extract_0001528129_0001528129-18-000105.json,json,21,,,,,General component,KEEP,none
data/raw/edgar/llm_extract_0001792580_0001564590-22-019143.json,json,21,,,,,General component,KEEP,none
data/raw/edgar/llm_extract_0001509589_0001509589-25-000016.json,json,21,,,,,General component,KEEP,none
data/raw/edgar/llm_extract_0001520006_0001520006-17-000074.json,json,21,,,,,General component,KEEP,none
data/raw/edgar/llm_extract_0001792580_0001193125-25-264977.json,json,21,,,,,General component,KEEP,none
data/raw/edgar/llm_extract_0001358071_0001358071-16-000026.json,json,21,,,,,General component,KEEP,none
data/raw/edgar/llm_extract_0000858470_0000858470-23-000028.json,json,21,,,,,General component,KEEP,none
data/raw/edgar/llm_extract_0001520006_0001520006-23-000195.json,json,21,,,,,General component,KEEP,none
data/raw/edgar/llm_extract_0000893538_0000893538-21-000121.json,json,21,,,,,General component,KEEP,none
data/raw/edgar/llm_extract_0000893538_0000893538-24-000009.json,json,21,,,,,General component,KEEP,none
data/raw/edgar/llm_extract_0001658566_0001658566-24-000080.json,json,21,,,,,General component,KEEP,none
data/raw/edgar/facts_0001658566.json,json,118459,,,,,General component,KEEP,none
data/raw/edgar/llm_extract_0001841666_0001784031-23-000019.json,json,21,,,,,General component,KEEP,none
data/raw/edgar/llm_extract_0000893538_0000893538-16-000137.json,json,21,,,,,General component,KEEP,none
data/raw/edgar/llm_extract_0001520006_0001520006-22-000109.json,json,21,,,,,General component,KEEP,none
data/raw/edgar/llm_extract_0001520006_0001520006-17-000188.json,json,21,,,,,General component,KEEP,none
data/raw/edgar/llm_extract_0000928054_0000928054-22-000071.json,json,21,,,,,General component,KEEP,none
data/raw/edgar/llm_extract_0001038357_0001038357-21-000067.json,json,21,,,,,General component,KEEP,none
data/raw/edgar/llm_extract_0001539838_0001539838-17-000009.json,json,21,,,,,General component,KEEP,none
data/raw/edgar/llm_extract_0001520006_0001520006-21-000179.json,json,21,,,,,General component,KEEP,none
data/raw/edgar/llm_extract_0000893538_0000893538-21-000008.json,json,21,,,,,General component,KEEP,none
data/raw/edgar/llm_extract_0000893538_0000893538-23-000088.json,json,21,,,,,General component,KEEP,none
data/raw/edgar/llm_extract_0001539838_0001539838-24-000094.json,json,21,,,,,General component,KEEP,none
data/raw/edgar/llm_extract_0001841666_0001841666-25-000031.json,json,21,,,,,General component,KEEP,none
data/raw/edgar/llm_extract_0000821189_0000821189-24-000049.json,json,21,,,,,General component,KEEP,none
data/raw/edgar/llm_extract_0000928054_0000928054-20-000198.json,json,21,,,,,General component,KEEP,none
data/raw/edgar/llm_extract_0001792580_0001564590-21-054364.json,json,21,,,,,General component,KEEP,none
data/raw/edgar/llm_extract_0000928054_0000928054-20-000024.json,json,21,,,,,General component,KEEP,none
data/raw/edgar/llm_extract_0001528129_0001528129-22-000091.json,json,21,,,,,General component,KEEP,none
data/raw/edgar/llm_extract_0001658566_0001658566-23-000040.json,json,21,,,,,General component,KEEP,none
data/raw/edgar/llm_extract_0001792580_0001564590-21-038989.json,json,21,,,,,General component,KEEP,none
data/raw/edgar/llm_extract_0001520006_0001520006-18-000053.json,json,21,,,,,General component,KEEP,none
data/raw/edgar/llm_extract_0001358071_0001358071-15-000020.json,json,21,,,,,General component,KEEP,none
data/raw/edgar/llm_extract_0001520006_0001520006-20-000193.json,json,21,,,,,General component,KEEP,none
data/raw/edgar/llm_extract_0001038357_0001038357-22-000076.json,json,21,,,,,General component,KEEP,none
data/raw/edgar/llm_extract_0001528129_0001528129-20-000174.json,json,21,,,,,General component,KEEP,none
data/raw/edgar/llm_extract_0000928054_0000928054-22-000179.json,json,21,,,,,General component,KEEP,none
data/raw/edgar/sub_0001792580.json,json,13697,,,,,General component,KEEP,none
data/raw/edgar/llm_extract_0000858470_0000858470-25-000111.json,json,21,,,,,General component,KEEP,none
data/raw/edgar/llm_extract_0001038357_0001038357-18-000032.json,json,21,,,,,General component,KEEP,none
data/raw/edgar/llm_extract_0001528129_0001528129-23-000169.json,json,21,,,,,General component,KEEP,none
data/raw/edgar/llm_extract_0001528129_0001528129-17-000026.json,json,21,,,,,General component,KEEP,none
data/raw/edgar/llm_extract_0001358071_0001358071-14-000005.json,json,21,,,,,General component,KEEP,none
data/raw/edgar/llm_extract_0000893538_0000893538-17-000124.json,json,21,,,,,General component,KEEP,none
data/raw/edgar/sub_0000893538.json,json,16280,,,,,General component,KEEP,none
data/raw/edgar/llm_extract_0000928054_0000928054-17-000087.json,json,21,,,,,General component,KEEP,none
data/raw/edgar/facts_0001528129.json,json,222491,,,,,General component,KEEP,none
data/raw/edgar/llm_extract_0001528129_0001528129-19-000117.json,json,21,,,,,General component,KEEP,none
data/raw/edgar/llm_extract_0001866175_0001866175-24-000106.json,json,21,,,,,General component,KEEP,none
data/raw/edgar/llm_extract_0001658566_0001658566-24-000018.json,json,21,,,,,General component,KEEP,none
data/raw/edgar/llm_extract_0000928054_0000928054-14-000022.json,json,21,,,,,General component,KEEP,none
data/raw/edgar/llm_extract_0001358071_0001358071-18-000008.json,json,21,,,,,General component,KEEP,none
data/raw/edgar/llm_extract_0001539838_0001539838-18-000054.json,json,21,,,,,General component,KEEP,none
data/raw/edgar/llm_extract_0001528129_0001528129-22-000137.json,json,21,,,,,General component,KEEP,none
data/raw/edgar/llm_extract_0001528129_0001528129-19-000156.json,json,21,,,,,General component,KEEP,none
data/raw/edgar/llm_extract_0000893538_0000893538-15-000018.json,json,21,,,,,General component,KEEP,none
data/raw/edgar/llm_extract_0001528129_0001528129-24-000107.json,json,21,,,,,General component,KEEP,none
data/raw/edgar/llm_extract_0001509589_0001509589-24-000012.json,json,21,,,,,General component,KEEP,none
data/raw/edgar/llm_extract_0001539838_0001539838-24-000019.json,json,21,,,,,General component,KEEP,none
data/raw/edgar/llm_extract_0001520006_0001520006-23-000174.json,json,21,,,,,General component,KEEP,none
data/raw/edgar/llm_extract_0001509589_0001509589-25-000059.json,json,21,,,,,General component,KEEP,none
data/raw/edgar/llm_extract_0000821189_0000821189-21-000047.json,json,21,,,,,General component,KEEP,none
data/raw/edgar/llm_extract_0000858470_0000858470-22-000042.json,json,21,,,,,General component,KEEP,none
data/raw/edgar/llm_extract_0001792580_0000950170-25-064603.json,json,21,,,,,General component,KEEP,none
data/raw/edgar/llm_extract_0001520006_0001520006-24-000209.json,json,21,,,,,General component,KEEP,none
data/raw/edgar/llm_extract_0000928054_0000928054-18-000082.json,json,21,,,,,General component,KEEP,none
data/raw/edgar/llm_extract_0000893538_0000893538-18-000025.json,json,21,,,,,General component,KEEP,none
data/raw/edgar/llm_extract_0000928054_0000928054-21-000130.json,json,21,,,,,General component,KEEP,none
data/raw/edgar/llm_extract_0001841666_0001784031-24-000003.json,json,21,,,,,General component,KEEP,none
data/raw/edgar/llm_extract_0000858470_0000858470-24-000121.json,json,21,,,,,General component,KEEP,none
data/raw/edgar/llm_extract_0001539838_0001539838-21-000126.json,json,21,,,,,General component,KEEP,none
data/raw/edgar/llm_extract_0000893538_0000893538-22-000020.json,json,21,,,,,General component,KEEP,none
data/raw/edgar/facts_0000858470.json,json,269742,,,,,General component,KEEP,none
data/raw/edgar/llm_extract_0000893538_0000893538-16-000180.json,json,21,,,,,General component,KEEP,none
data/raw/edgar/llm_extract_0000821189_0000821189-24-000011.json,json,21,,,,,General component,KEEP,none
data/raw/edgar/llm_extract_0000821189_0000821189-25-000022.json,json,21,,,,,General component,KEEP,none
data/raw/edgar/llm_extract_0001658566_0001658566-25-000069.json,json,21,,,,,General component,KEEP,none
data/raw/edgar/llm_extract_0000893538_0000893538-22-000149.json,json,21,,,,,General component,KEEP,none
data/raw/edgar/llm_extract_0001520006_0001520006-22-000192.json,json,21,,,,,General component,KEEP,none
data/raw/edgar/llm_extract_0001509589_0001509589-22-000060.json,json,21,,,,,General component,KEEP,none
data/raw/edgar/llm_extract_0001528129_0001528129-21-000129.json,json,21,,,,,General component,KEEP,none
data/raw/edgar/llm_extract_0000928054_0000928054-19-000033.json,json,21,,,,,General component,KEEP,none
data/raw/edgar/llm_extract_0000928054_0000928054-24-000023.json,json,21,,,,,General component,KEEP,none
data/raw/edgar/llm_extract_0001658566_0001658566-22-000093.json,json,21,,,,,General component,KEEP,none
data/raw/edgar/llm_extract_0001866175_0001866175-25-000024.json,json,21,,,,,General component,KEEP,none
data/raw/edgar/llm_extract_0001658566_0001658566-24-000109.json,json,21,,,,,General component,KEEP,none
data/raw/edgar/llm_extract_0001841666_0001784031-22-000009.json,json,21,,,,,General component,KEEP,none
data/raw/edgar/llm_extract_0001509589_0001509589-22-000113.json,json,21,,,,,General component,KEEP,none
data/raw/edgar/llm_extract_0001539838_0001539838-24-000150.json,json,21,,,,,General component,KEEP,none
data/raw/edgar/llm_extract_0000893538_0000893538-16-000122.json,json,21,,,,,General component,KEEP,none
data/raw/edgar/llm_extract_0000821189_0000821189-23-000024.json,json,21,,,,,General component,KEEP,none
data/raw/edgar/llm_extract_0000821189_0000821189-22-000017.json,json,21,,,,,General component,KEEP,none
data/raw/edgar/llm_extract_0001866175_0001866175-22-000007.json,json,21,,,,,General component,KEEP,none
data/raw/edgar/llm_extract_0000928054_0000928054-20-000119.json,json,21,,,,,General component,KEEP,none
data/raw/edgar/llm_extract_0001358071_0001358071-17-000017.json,json,21,,,,,General component,KEEP,none
data/raw/edgar/llm_extract_0000928054_0000928054-18-000077.json,json,21,,,,,General component,KEEP,none
data/raw/edgar/llm_extract_0001792580_0000950170-25-027914.json,json,21,,,,,General component,KEEP,none
data/raw/edgar/llm_extract_0000821189_0000821189-24-000031.json,json,21,,,,,General component,KEEP,none
data/raw/edgar/llm_extract_0001658566_0001658566-23-000079.json,json,21,,,,,General component,KEEP,none
data/raw/edgar/llm_extract_0000928054_0000928054-18-000020.json,json,21,,,,,General component,KEEP,none
data/raw/edgar/llm_extract_0000821189_0000821189-22-000056.json,json,21,,,,,General component,KEEP,none
data/raw/edgar/llm_extract_0001539838_0001539838-19-000117.json,json,21,,,,,General component,KEEP,none
data/raw/edgar/sub_0001866175.json,json,6785,,,,,General component,KEEP,none
data/raw/edgar/llm_extract_0000893538_0000893538-22-000112.json,json,21,,,,,General component,KEEP,none
data/raw/edgar/llm_extract_0000893538_0000893538-18-000005.json,json,21,,,,,General component,KEEP,none
data/raw/edgar/llm_extract_0001658566_0001658566-22-000123.json,json,21,,,,,General component,KEEP,none
data/raw/edgar/sub_0000928054.json,json,16258,,,,,General component,KEEP,none
data/raw/edgar/llm_extract_0001358071_0001358071-18-000011.json,json,21,,,,,General component,KEEP,none
data/raw/edgar/sub_0001509589.json,json,16100,,,,,General component,KEEP,none
data/raw/edgar/llm_extract_0000893538_0000893538-24-000030.json,json,21,,,,,General component,KEEP,none
data/raw/edgar/llm_extract_0000858470_0000858470-25-000165.json,json,21,,,,,General component,KEEP,none
data/raw/edgar/llm_extract_0001520006_0001520006-18-000123.json,json,21,,,,,General component,KEEP,none
data/raw/edgar/llm_extract_0000893538_0000893538-19-000124.json,json,21,,,,,General component,KEEP,none
data/raw/edgar/sub_0001358071.json,json,16116,,,,,General component,KEEP,none
data/raw/edgar/llm_extract_0001038357_0001038357-17-000083.json,json,21,,,,,General component,KEEP,none
data/raw/edgar/llm_extract_0000821189_0000821189-21-000089.json,json,21,,,,,General component,KEEP,none
data/raw/edgar/llm_extract_0001520006_0001520006-23-000102.json,json,21,,,,,General component,KEEP,none
data/raw/edgar/llm_extract_0000893538_0000893538-14-000025.json,json,21,,,,,General component,KEEP,none
data/raw/edgar/llm_extract_0000928054_0000928054-15-000048.json,json,21,,,,,General component,KEEP,none
data/raw/edgar/facts_0001792580.json,json,139303,,,,,General component,KEEP,none
data/raw/edgar/llm_extract_0000893538_0000893538-15-000104.json,json,21,,,,,General component,KEEP,none
data/raw/edgar/llm_extract_0001038357_0001038357-19-000062.json,json,21,,,,,General component,KEEP,none
data/raw/edgar/llm_extract_0001539838_0001539838-22-000008.json,json,21,,,,,General component,KEEP,none
data/raw/edgar/llm_extract_0000928054_0000928054-16-000110.json,json,21,,,,,General component,KEEP,none
data/raw/edgar/llm_extract_0000858470_0000858470-23-000011.json,json,21,,,,,General component,KEEP,none
data/raw/edgar/llm_extract_0001520006_0001520006-18-000067.json,json,21,,,,,General component,KEEP,none
data/raw/edgar/llm_extract_0001520006_0001520006-21-000086.json,json,21,,,,,General component,KEEP,none
data/raw/edgar/llm_extract_0001358071_0001358071-19-000023.json,json,21,,,,,General component,KEEP,none
data/raw/edgar/llm_extract_0001539838_0001539838-21-000015.json,json,21,,,,,General component,KEEP,none
data/raw/edgar/llm_extract_0001792580_0000950170-24-123514.json,json,21,,,,,General component,KEEP,none
data/raw/edgar/llm_extract_0000928054_0000928054-16-000079.json,json,21,,,,,General component,KEEP,none
data/raw/edgar/llm_extract_0001038357_0001038357-22-000039.json,json,21,,,,,General component,KEEP,none
data/raw/edgar/llm_extract_0001792580_0000950170-24-087984.json,json,21,,,,,General component,KEEP,none
data/raw/edgar/llm_extract_0001866175_0001866175-22-000047.json,json,21,,,,,General component,KEEP,none
data/raw/edgar/llm_extract_0001539838_0001539838-25-000066.json,json,21,,,,,General component,KEEP,none
data/raw/edgar/llm_extract_0000858470_0000858470-24-000069.json,json,21,,,,,General component,KEEP,none
data/raw/edgar/llm_extract_0001528129_0001528129-25-000045.json,json,21,,,,,General component,KEEP,none
data/raw/edgar/llm_extract_0001528129_0001528129-24-000076.json,json,21,,,,,General component,KEEP,none
data/raw/edgar/llm_extract_0001038357_0001038357-17-000041.json,json,21,,,,,General component,KEEP,none
data/raw/edgar/facts_0000893538.json,json,222699,,,,,General component,KEEP,none
data/raw/edgar/llm_extract_0001520006_0001520006-20-000037.json,json,21,,,,,General component,KEEP,none
data/raw/edgar/llm_extract_0000893538_0000893538-21-000030.json,json,21,,,,,General component,KEEP,none
data/raw/edgar/llm_extract_0001841666_0001784031-22-000028.json,json,21,,,,,General component,KEEP,none
data/raw/edgar/llm_extract_0001792580_0001564590-20-005663.json,json,21,,,,,General component,KEEP,none
data/raw/edgar/llm_extract_0000858470_0000858470-22-000018.json,json,21,,,,,General component,KEEP,none
data/raw/edgar/sub_0001528129.json,json,16105,,,,,General component,KEEP,none
data/raw/edgar/llm_extract_0000821189_0000821189-22-000041.json,json,21,,,,,General component,KEEP,none
data/raw/edgar/llm_extract_0001038357_0001038357-23-000084.json,json,21,,,,,General component,KEEP,none
data/raw/edgar/llm_extract_0001528129_0001528129-24-000152.json,json,21,,,,,General component,KEEP,none
data/raw/edgar/llm_extract_0001658566_0001658566-23-000019.json,json,21,,,,,General component,KEEP,none
data/raw/edgar/llm_extract_0001038357_0001038357-21-000053.json,json,21,,,,,General component,KEEP,none
data/raw/edgar/llm_extract_0000893538_0000893538-14-000091.json,json,21,,,,,General component,KEEP,none
data/raw/edgar/llm_extract_0000928054_0000928054-15-000005.json,json,21,,,,,General component,KEEP,none
data/raw/edgar/llm_extract_0001866175_0001866175-23-000054.json,json,21,,,,,General component,KEEP,none
data/raw/edgar/llm_extract_0000821189_0000821189-25-000131.json,json,21,,,,,General component,KEEP,none
data/raw/edgar/sub_0001658566.json,json,15622,,,,,General component,KEEP,none
data/raw/edgar/llm_extract_0001528129_0001528129-20-000137.json,json,21,,,,,General component,KEEP,none
data/raw/edgar/llm_extract_0001358071_0001358071-19-000003.json,json,21,,,,,General component,KEEP,none
data/raw/edgar/llm_extract_0001539838_0001539838-16-000171.json,json,21,,,,,General component,KEEP,none
data/raw/edgar/llm_extract_0001520006_0001520006-18-000102.json,json,21,,,,,General component,KEEP,none
data/raw/edgar/llm_extract_0001539838_0001539838-19-000008.json,json,21,,,,,General component,KEEP,none
data/raw/edgar/llm_extract_0001792580_0001564590-22-006978.json,json,21,,,,,General component,KEEP,none
data/raw/edgar/llm_extract_0001358071_0001358071-16-000029.json,json,21,,,,,General component,KEEP,none
data/raw/edgar/llm_extract_0001841666_0001871133-21-000007.json,json,21,,,,,General component,KEEP,none
data/raw/edgar/llm_extract_0001792580_0000950170-24-021368.json,json,21,,,,,General component,KEEP,none
data/raw/edgar/llm_extract_0001520006_0001520006-21-000233.json,json,21,,,,,General component,KEEP,none
data/raw/edgar/llm_extract_0001509589_0001509589-24-000060.json,json,21,,,,,General component,KEEP,none
data/raw/edgar/llm_extract_0000893538_0000893538-17-000140.json,json,21,,,,,General component,KEEP,none
data/raw/edgar/llm_extract_0000928054_0000928054-15-000034.json,json,21,,,,,General component,KEEP,none
data/raw/edgar/llm_extract_0000821189_0000821189-24-000021.json,json,21,,,,,General component,KEEP,none
data/raw/edgar/llm_extract_0000928054_0000928054-23-000155.json,json,21,,,,,General component,KEEP,none
data/raw/edgar/llm_extract_0001792580_0001564590-22-027941.json,json,21,,,,,General component,KEEP,none
data/raw/edgar/llm_extract_0001866175_0001866175-23-000073.json,json,21,,,,,General component,KEEP,none
data/raw/edgar/llm_extract_0000893538_0000893538-17-000013.json,json,21,,,,,General component,KEEP,none
data/raw/edgar/llm_extract_0001539838_0001539838-16-000253.json,json,21,,,,,General component,KEEP,none
data/raw/edgar/llm_extract_0001792580_0000950170-23-035227.json,json,21,,,,,General component,KEEP,none
data/raw/edgar/llm_extract_0000858470_0000858470-22-000009.json,json,21,,,,,General component,KEEP,none
data/raw/edgar/llm_extract_0001539838_0001539838-21-000069.json,json,21,,,,,General component,KEEP,none
data/raw/edgar/llm_extract_0001841666_0001784031-22-000015.json,json,21,,,,,General component,KEEP,none
data/raw/edgar/llm_extract_0001841666_0002040266-25-000007.json,json,21,,,,,General component,KEEP,none
data/raw/edgar/llm_extract_0001520006_0001520006-25-000066.json,json,21,,,,,General component,KEEP,none
data/raw/edgar/llm_extract_0001520006_0001520006-22-000065.json,json,21,,,,,General component,KEEP,none
data/raw/edgar/llm_extract_0001520006_0001520006-23-000056.json,json,21,,,,,General component,KEEP,none
data/raw/edgar/llm_extract_0001539838_0001539838-20-000021.json,json,21,,,,,General component,KEEP,none
data/raw/edgar/llm_extract_0000893538_0000893538-19-000030.json,json,21,,,,,General component,KEEP,none
data/raw/edgar/llm_extract_0001509589_0001509589-23-000059.json,json,21,,,,,General component,KEEP,none
data/raw/edgar/llm_extract_0001792580_0001564590-20-049219.json,json,21,,,,,General component,KEEP,none
data/raw/edgar/llm_extract_0001358071_0001358071-15-000005.json,json,21,,,,,General component,KEEP,none
data/raw/edgar/llm_extract_0000928054_0000928054-20-000164.json,json,21,,,,,General component,KEEP,none
data/raw/edgar/llm_extract_0001528129_0001528129-25-000078.json,json,21,,,,,General component,KEEP,none
data/raw/edgar/llm_extract_0001539838_0001539838-22-000058.json,json,21,,,,,General component,KEEP,none
data/raw/edgar/llm_extract_0001528129_0001528129-23-000048.json,json,21,,,,,General component,KEEP,none
data/raw/edgar/llm_extract_0000893538_0000893538-15-000011.json,json,21,,,,,General component,KEEP,none
data/raw/edgar/facts_0001539838.json,json,240448,,,,,General component,KEEP,none
data/raw/edgar/sub_0001038357.json,json,16174,,,,,General component,KEEP,none
data/raw/edgar/llm_extract_0001841666_0001784031-24-000013.json,json,21,,,,,General component,KEEP,none
data/raw/edgar/sub_0001841666.json,json,12619,,,,,General component,KEEP,none
data/raw/edgar/llm_extract_0001038357_0001038357-22-000136.json,json,21,,,,,General component,KEEP,none
data/raw/edgar/sub_0000821189.json,json,16126,,,,,General component,KEEP,none
data/raw/edgar/llm_extract_0001528129_0001528129-23-000183.json,json,21,,,,,General component,KEEP,none
data/raw/edgar/llm_extract_0000928054_0000928054-17-000104.json,json,21,,,,,General component,KEEP,none
data/raw/edgar/llm_extract_0000928054_0000928054-22-000214.json,json,21,,,,,General component,KEEP,none
data/raw/edgar/llm_extract_0001841666_0001841666-25-000014.json,json,21,,,,,General component,KEEP,none
data/raw/edgar/llm_extract_0001658566_0001658566-25-000014.json,json,21,,,,,General component,KEEP,none
data/raw/edgar/llm_extract_0001509589_0001509589-25-000032.json,json,21,,,,,General component,KEEP,none
data/raw/edgar/llm_extract_0001038357_0001038357-19-000028.json,json,21,,,,,General component,KEEP,none
data/raw/edgar/llm_extract_0001539838_0001539838-23-000134.json,json,21,,,,,General component,KEEP,none
data/raw/edgar/llm_extract_0000858470_0000858470-24-000019.json,json,21,,,,,General component,KEEP,none
data/raw/edgar/llm_extract_0001528129_0001528129-18-000137.json,json,21,,,,,General component,KEEP,none
data/raw/edgar/llm_extract_0001509589_0001509589-23-000106.json,json,21,,,,,General component,KEEP,none
data/raw/edgar/llm_extract_0001358071_0001358071-15-000009.json,json,21,,,,,General component,KEEP,none
data/raw/edgar/llm_extract_0000928054_0000928054-14-000027.json,json,21,,,,,General component,KEEP,none
data/raw/edgar/llm_extract_0001866175_0001866175-25-000167.json,json,21,,,,,General component,KEEP,none
data/raw/edgar/llm_extract_0001792580_0000950170-23-019797.json,json,21,,,,,General component,KEEP,none
data/raw/edgar/llm_extract_0001792580_0001564590-22-037075.json,json,21,,,,,General component,KEEP,none
data/raw/edgar/llm_extract_0001520006_0001520006-19-000048.json,json,21,,,,,General component,KEEP,none
data/raw/edgar/llm_extract_0001539838_0001539838-24-000198.json,json,21,,,,,General component,KEEP,none
data/raw/edgar/llm_extract_0000893538_0000893538-25-000008.json,json,21,,,,,General component,KEEP,none
data/raw/edgar/llm_extract_0001528129_0001528129-21-000084.json,json,21,,,,,General component,KEEP,none
data/raw/edgar/llm_extract_0001520006_0001520006-25-000196.json,json,21,,,,,General component,KEEP,none
data/raw/edgar/llm_extract_0001038357_0001038357-20-000070.json,json,21,,,,,General component,KEEP,none
data/raw/edgar/llm_extract_0001038357_0001038357-23-000094.json,json,21,,,,,General component,KEEP,none
data/raw/edgar/llm_extract_0000821189_0000821189-23-000015.json,json,21,,,,,General component,KEEP,none
data/raw/edgar/llm_extract_0001509589_0001509589-21-000152.json,json,21,,,,,General component,KEEP,none
data/raw/edgar/llm_extract_0001038357_0001038357-18-000061.json,json,21,,,,,General component,KEEP,none
data/raw/edgar/llm_extract_0000893538_0000893538-15-000071.json,json,21,,,,,General component,KEEP,none
data/raw/edgar/llm_extract_0001509589_0001509589-23-000097.json,json,21,,,,,General component,KEEP,none
data/raw/edgar/llm_extract_0000858470_0000858470-23-000037.json,json,21,,,,,General component,KEEP,none
data/raw/edgar/llm_extract_0000893538_0000893538-23-000014.json,json,21,,,,,General component,KEEP,none
data/raw/edgar/llm_extract_0001841666_0001784031-23-000007.json,json,21,,,,,General component,KEEP,none
data/raw/edgar/llm_extract_0001539838_0001539838-16-000209.json,json,21,,,,,General component,KEEP,none
data/raw/edgar/llm_extract_0000893538_0000893538-24-000105.json,json,21,,,,,General component,KEEP,none
data/raw/edgar/llm_extract_0000928054_0000928054-17-000017.json,json,21,,,,,General component,KEEP,none
data/raw/edgar/llm_extract_0001841666_0002040266-24-000003.json,json,21,,,,,General component,KEEP,none
data/raw/edgar/llm_extract_0000893538_0000893538-20-000009.json,json,21,,,,,General component,KEEP,none
data/raw/edgar/llm_extract_0001509589_0001509589-25-000009.json,json,21,,,,,General component,KEEP,none
data/raw/edgar/llm_extract_0001539838_0001539838-17-000105.json,json,21,,,,,General component,KEEP,none
data/raw/edgar/llm_extract_0001539838_0001539838-18-000093.json,json,21,,,,,General component,KEEP,none
data/raw/edgar/llm_extract_0001509589_0001509589-24-000082.json,json,21,,,,,General component,KEEP,none
data/raw/edgar/llm_extract_0001358071_0001358071-14-000017.json,json,21,,,,,General component,KEEP,none
data/raw/edgar/sub_0001520006.json,json,16098,,,,,General component,KEEP,none
data/raw/edgar/llm_extract_0000821189_0000821189-21-000017.json,json,21,,,,,General component,KEEP,none
data/raw/edgar/llm_extract_0000858470_0000858470-23-000056.json,json,21,,,,,General component,KEEP,none
data/raw/edgar/llm_extract_0000821189_0000821189-20-000053.json,json,21,,,,,General component,KEEP,none
data/raw/edgar/llm_extract_0000928054_0000928054-21-000044.json,json,21,,,,,General component,KEEP,none
data/raw/edgar/llm_extract_0001528129_0001528129-20-000015.json,json,21,,,,,General component,KEEP,none
data/raw/edgar/llm_extract_0001528129_0001528129-21-000026.json,json,21,,,,,General component,KEEP,none
data/raw/edgar/llm_extract_0000893538_0000893538-18-000106.json,json,21,,,,,General component,KEEP,none
data/raw/edgar/llm_extract_0001539838_0001539838-21-000117.json,json,21,,,,,General component,KEEP,none
data/raw/edgar/llm_extract_0001866175_0001866175-25-000078.json,json,21,,,,,General component,KEEP,none
data/raw/edgar/llm_extract_0000858470_0000858470-22-000032.json,json,21,,,,,General component,KEEP,none
data/raw/edgar/llm_extract_0000928054_0000928054-15-000019.json,json,21,,,,,General component,KEEP,none
data/raw/edgar/llm_extract_0001528129_0001528129-22-000191.json,json,21,,,,,General component,KEEP,none
data/raw/edgar/llm_extract_0000893538_0000893538-23-000034.json,json,21,,,,,General component,KEEP,none
data/raw/edgar/llm_extract_0001792580_0001564590-21-021734.json,json,21,,,,,General component,KEEP,none
data/raw/edgar/llm_extract_0001539838_0001539838-17-000076.json,json,21,,,,,General component,KEEP,none
data/raw/edgar/llm_extract_0000858470_0000858470-24-000106.json,json,21,,,,,General component,KEEP,none
data/raw/edgar/llm_extract_0001520006_0001520006-25-000122.json,json,21,,,,,General component,KEEP,none
data/raw/edgar/llm_extract_0001528129_0001528129-17-000110.json,json,21,,,,,General component,KEEP,none
data/raw/edgar/llm_extract_0001792580_0000950170-24-054736.json,json,21,,,,,General component,KEEP,none
data/raw/edgar/llm_extract_0001038357_0001038357-20-000050.json,json,21,,,,,General component,KEEP,none
data/raw/edgar/llm_extract_0001866175_0001866175-24-000071.json,json,21,,,,,General component,KEEP,none
data/raw/edgar/llm_extract_0000928054_0000928054-14-000010.json,json,21,,,,,General component,KEEP,none
data/raw/edgar/llm_extract_0001528129_0001528129-22-000040.json,json,21,,,,,General component,KEEP,none
data/raw/edgar/llm_extract_0001841666_0001784031-24-000008.json,json,21,,,,,General component,KEEP,none
data/raw/edgar/llm_extract_0001509589_0001509589-24-000020.json,json,21,,,,,General component,KEEP,none
data/raw/edgar/llm_extract_0001520006_0001520006-24-000078.json,json,21,,,,,General component,KEEP,none
data/raw/edgar/llm_extract_0001792580_0000950170-23-060397.json,json,21,,,,,General component,KEEP,none
data/raw/edgar/llm_extract_0001358071_0001358071-17-000010.json,json,21,,,,,General component,KEEP,none
data/raw/edgar/llm_extract_0000893538_0000893538-20-000140.json,json,21,,,,,General component,KEEP,none
data/raw/edgar/llm_extract_0001358071_0001358071-20-000011.json,json,21,,,,,General component,KEEP,none
data/raw/edgar/llm_extract_0000821189_0000821189-20-000028.json,json,21,,,,,General component,KEEP,none
data/raw/edgar/llm_extract_0001520006_0001520006-19-000068.json,json,21,,,,,General component,KEEP,none
data/raw/edgar/llm_extract_0001539838_0001539838-25-000021.json,json,21,,,,,General component,KEEP,none
data/raw/edgar/llm_extract_0001539838_0001539838-22-000167.json,json,21,,,,,General component,KEEP,none
outputs/tables/eog_dcf_outputs.csv,csv,2,,,,,General component,KEEP,none
outputs/tables/eog_reserve_bucket_tv.csv,csv,4,,,,,General component,KEEP,none
outputs/tables/backtest_audit_example.csv,csv,2,,,,,General component,KEEP,none
outputs/tables/composite_scores_quarterly.csv,csv,5,,,,,General component,KEEP,none
outputs/tables/rankings_quarterly.csv,csv,5,,,,,General component,KEEP,none
outputs/tables/reserve_bucket_tv_summary.csv,csv,2,,,,,General component,KEEP,none
outputs/tables/pillar_scores_quarterly.csv,csv,5,,,,,General component,KEEP,none
outputs/tables/pillar_methodology.csv,csv,2,,,,,General component,KEEP,none
outputs/tables/codebase_inventory.csv,csv,610,,,,,General component,KEEP,none
outputs/website/public_caligula_data.json,json,54,,,,,General component,KEEP,none
