ticker,quarter,caligula_score,rank,tier
CPE,2014-03-31,0.5863571428571429,1.0,B
SM,2014-03-31,0.5855178571428571,2.0,B
PXD,2014-03-31,0.5714464285714286,3.0,B
EOG,2014-03-31,0.5553125,4.0,B
CXO,2014-03-31,0.5401250000000001,5.0,C
VTLE,2014-03-31,0.4938571428571429,6.0,C
MTDR,2014-03-31,0.4788482142857143,7.0,C
FANG,2014-03-31,0.4311160714285714,8.0,C
CPE,2014-06-30,0.6246785714285714,1.0,B
SM,2014-06-30,0.5763303571428571,2.0,B
MTDR,2014-06-30,0.5727589285714285,3.0,B
CXO,2014-06-30,0.570375,4.0,B
EOG,2014-06-30,0.4858125,5.0,C
PXD,2014-06-30,0.46382142857142855,6.0,C
FANG,2014-06-30,0.46316964285714285,7.0,C
VTLE,2014-06-30,0.4414821428571429,8.0,C
CPE,2014-09-30,0.6720535714285714,1.0,B
MTDR,2014-09-30,0.6423839285714286,2.0,B
SM,2014-09-30,0.5869553571428571,3.0,B
PXD,2014-09-30,0.5254464285714285,4.0,C
EOG,2014-09-30,0.4548125,5.0,C
FANG,2014-09-30,0.4487702922077922,6.0,C
VTLE,2014-09-30,0.42255357142857153,7.0,C
CXO,2014-09-30,0.421875,8.0,C
MTDR,2014-12-31,0.6117797619047619,1.0,B
EOG,2014-12-31,0.5867916666666667,2.0,B
CPE,2014-12-31,0.5785535714285714,3.0,B
CXO,2014-12-31,0.544,4.0,C
VTLE,2014-12-31,0.47230357142857143,5.0,C
FANG,2014-12-31,0.4644399350649351,6.0,C
SM,2014-12-31,0.45964285714285713,7.0,C
PXD,2014-12-31,0.42769642857142853,8.0,C
MTDR,2015-03-31,0.5893214285714286,1.0,B
CPE,2015-03-31,0.5882678571428572,2.0,B
CXO,2015-03-31,0.567375,3.0,B
SM,2015-03-31,0.5235178571428571,4.0,C
VTLE,2015-03-31,0.5132678571428572,5.0,C
EOG,2015-03-31,0.480125,6.0,C
FANG,2015-03-31,0.4629220779220779,7.0,C
PXD,2015-03-31,0.4484464285714286,8.0,C
CPE,2015-06-30,0.6301785714285714,1.0,B
MTDR,2015-06-30,0.6104642857142857,2.0,B
FANG,2015-06-30,0.5390584415584416,3.0,C
SM,2015-06-30,0.5251785714285715,4.0,C
CXO,2015-06-30,0.519625,5.0,C
EOG,2015-06-30,0.4738392857142857,6.0,C
VTLE,2015-06-30,0.4514285714285714,7.0,C
PXD,2015-06-30,0.4296785714285714,8.0,C
CPE,2015-09-30,0.5958035714285714,1.0,B
SM,2015-09-30,0.5618035714285715,2.0,B
EOG,2015-09-30,0.5295892857142858,3.0,C
CXO,2015-09-30,0.523875,4.0,C
FANG,2015-09-30,0.5213798701298701,5.0,C
VTLE,2015-09-30,0.510125,6.0,C
MTDR,2015-09-30,0.4879642857142857,7.0,C
PXD,2015-09-30,0.43655357142857143,8.0,C
CPE,2015-12-31,0.6875357142857141,1.0,B
SM,2015-12-31,0.5314285714285715,2.0,C
EOG,2015-12-31,0.5267142857142858,3.0,C
MTDR,2015-12-31,0.5188392857142857,4.0,C
PXD,2015-12-31,0.5056785714285713,5.0,C
CXO,2015-12-31,0.49975,6.0,C
FANG,2015-12-31,0.4899512987012987,7.0,C
VTLE,2015-12-31,0.39194642857142853,8.0,D
CXO,2016-03-31,0.6107857142857144,1.0,B
MTDR,2016-03-31,0.5643392857142857,2.0,B
CPE,2016-03-31,0.5428035714285714,3.0,C
FANG,2016-03-31,0.5290324675324676,4.0,C
SM,2016-03-31,0.5269285714285715,5.0,C
PXD,2016-03-31,0.5258928571428572,6.0,C
EOG,2016-03-31,0.4813392857142857,7.0,C
VTLE,2016-03-31,0.4056964285714285,8.0,C
CXO,2016-06-30,0.703125,1.0,A
CPE,2016-06-30,0.6408392857142857,2.0,B
SM,2016-06-30,0.5631785714285715,3.0,B
EOG,2016-06-30,0.49592857142857144,4.0,C
PXD,2016-06-30,0.4932678571428572,5.0,C
FANG,2016-06-30,0.4836753246753247,6.0,C
VTLE,2016-06-30,0.40001785714285715,7.0,C
MTDR,2016-06-30,0.3907142857142857,8.0,D
CPE,2016-09-30,0.635125,1.0,B
SM,2016-09-30,0.5959285714285714,2.0,B
VTLE,2016-09-30,0.5741428571428572,3.0,B
CXO,2016-09-30,0.5022142857142857,4.0,C
MTDR,2016-09-30,0.48371428571428565,5.0,C
EOG,2016-09-30,0.4814285714285714,6.0,C
PXD,2016-09-30,0.4446428571428572,7.0,C
FANG,2016-09-30,0.4349253246753247,8.0,C
FANG,2016-12-31,0.5612483766233766,1.0,B
CXO,2016-12-31,0.5540178571428571,2.0,B
SM,2016-12-31,0.5434285714285714,3.0,C
CPE,2016-12-31,0.5150535714285713,4.0,C
PXD,2016-12-31,0.5102857142857142,5.0,C
MTDR,2016-12-31,0.5017142857142857,6.0,C
EOG,2016-12-31,0.4896785714285714,7.0,C
VTLE,2016-12-31,0.47144642857142854,8.0,C
PXD,2017-03-31,0.5815357142857143,1.0,B
CPE,2017-03-31,0.570767857142857,2.0,B
MTDR,2017-03-31,0.5588392857142856,3.0,B
CXO,2017-03-31,0.5559464285714286,4.0,B
SM,2017-03-31,0.5183035714285714,5.0,C
FANG,2017-03-31,0.47719480519480517,6.0,C
EOG,2017-03-31,0.4771785714285714,7.0,C
VTLE,2017-03-31,0.44512500000000005,8.0,C
CPE,2017-06-30,0.6310714285714285,1.0,B
VTLE,2017-06-30,0.5817321428571429,2.0,B
MTDR,2017-06-30,0.5518392857142856,3.0,B
SM,2017-06-30,0.5340535714285715,4.0,C
CXO,2017-06-30,0.4999464285714286,5.0,C
EOG,2017-06-30,0.4943035714285714,6.0,C
PXD,2017-06-30,0.46966071428571426,7.0,C
FANG,2017-06-30,0.45523214285714286,8.0,C
MTDR,2017-09-30,0.6233392857142858,1.0,B
SM,2017-09-30,0.5454285714285715,2.0,C
PXD,2017-09-30,0.5331607142857143,3.0,C
FANG,2017-09-30,0.5113035714285714,4.0,C
EOG,2017-09-30,0.5094285714285715,5.0,C
CXO,2017-09-30,0.4936607142857143,6.0,C
CPE,2017-09-30,0.49291071428571426,7.0,C
VTLE,2017-09-30,0.4844464285714285,8.0,C
MTDR,2017-12-31,0.5897142857142856,1.0,B
EOG,2017-12-31,0.5779285714285715,2.0,B
PXD,2017-12-31,0.5719107142857143,3.0,B
SM,2017-12-31,0.5486785714285715,4.0,C
CPE,2017-12-31,0.5329107142857142,5.0,C
CXO,2017-12-31,0.5109821428571428,6.0,C
VTLE,2017-12-31,0.44623214285714285,7.0,C
FANG,2017-12-31,0.40496428571428567,8.0,C
EOG,2018-03-31,0.6389880952380953,1.0,B
SM,2018-03-31,0.5630535714285715,2.0,B
CXO,2018-03-31,0.5576071428571429,3.0,B
FANG,2018-03-31,0.5549702380952382,4.0,B
PXD,2018-03-31,0.5158630952380953,5.0,C
VTLE,2018-03-31,0.5122559523809523,6.0,C
MTDR,2018-03-31,0.4482142857142857,7.0,C
CPE,2018-03-31,0.4369642857142857,8.0,C
CXO,2018-06-30,0.5957678571428572,1.0,B
VTLE,2018-06-30,0.5662738095238096,2.0,B
PXD,2018-06-30,0.559577380952381,3.0,B
EOG,2018-06-30,0.5422023809523809,4.0,C
CPE,2018-06-30,0.5117142857142858,5.0,C
FANG,2018-06-30,0.502470238095238,6.0,C
MTDR,2018-06-30,0.48301785714285717,7.0,C
SM,2018-06-30,0.46964285714285714,8.0,C
VTLE,2018-09-30,0.5698988095238096,1.0,B
MTDR,2018-09-30,0.5623928571428571,2.0,B
SM,2018-09-30,0.5616428571428571,3.0,B
EOG,2018-09-30,0.5539880952380952,4.0,B
PXD,2018-09-30,0.544577380952381,5.0,C
CPE,2018-09-30,0.5229642857142857,6.0,C
CXO,2018-09-30,0.46735714285714286,7.0,C
FANG,2018-09-30,0.4243452380952381,8.0,C
EOG,2018-12-31,0.6477380952380952,1.0,B
FANG,2018-12-31,0.5588095238095238,2.0,B
MTDR,2018-12-31,0.5535178571428571,3.0,B
VTLE,2018-12-31,0.5058630952380953,4.0,C
CXO,2018-12-31,0.5014285714285713,5.0,C
SM,2018-12-31,0.4845178571428572,6.0,C
CPE,2018-12-31,0.48121428571428576,7.0,C
PXD,2018-12-31,0.4685773809523809,8.0,C
CPE,2019-03-31,0.6362117346938776,1.0,B
MTDR,2019-03-31,0.5739880952380952,2.0,B
CXO,2019-03-31,0.5651709183673469,3.0,B
PXD,2019-03-31,0.5475561224489796,4.0,C
VTLE,2019-03-31,0.5457219387755101,5.0,C
SM,2019-03-31,0.5069821428571428,6.0,C
EOG,2019-03-31,0.47339285714285717,7.0,C
FANG,2019-03-31,0.39288690476190474,8.0,D
CXO,2019-06-30,0.5862066326530612,1.0,B
PXD,2019-06-30,0.5397576530612245,2.0,C
VTLE,2019-06-30,0.5314668367346939,3.0,C
CPE,2019-06-30,0.5212831632653061,4.0,C
EOG,2019-06-30,0.5203571428571429,5.0,C
SM,2019-06-30,0.4991428571428571,6.0,C
FANG,2019-06-30,0.49860119047619045,7.0,C
MTDR,2019-06-30,0.49836309523809524,8.0,C
EOG,2019-09-30,0.6115178571428571,1.0,B
PXD,2019-09-30,0.5843290816326531,2.0,B
SM,2019-09-30,0.5569285714285716,3.0,B
VTLE,2019-09-30,0.5063775510204082,4.0,C
MTDR,2019-09-30,0.5011011904761905,5.0,C
CXO,2019-09-30,0.5007066326530613,6.0,C
CPE,2019-09-30,0.487265306122449,7.0,C
FANG,2019-09-30,0.4596130952380952,8.0,C
PXD,2019-12-31,0.6046326530612245,1.0,B
SM,2019-12-31,0.5750535714285715,2.0,B
FANG,2019-12-31,0.5496130952380952,3.0,
VTLE,2019-12-31,0.5298239795918367,4.0,C
CXO,2019-12-31,0.5247066326530612,5.0,C
EOG,2019-12-31,0.5002678571428572,6.0,C
MTDR,2019-12-31,0.47485119047619045,7.0,C
CPE,2019-12-31,0.45260459183673474,8.0,C
EOG,2020-03-31,0.6165833333333333,1.0,B
SM,2020-03-31,0.5601468253968255,2.0,B
MTDR,2020-03-31,0.5418333333333334,3.0,C
VTLE,2020-03-31,0.5378333333333334,4.0,C
FANG,2020-03-31,0.5146666666666666,5.0,C
CPE,2020-03-31,0.4800833333333333,6.0,C
PXD,2020-03-31,0.47171428571428575,7.0,C
OVV,2020-03-31,0.4676388888888889,8.0,C
CXO,2020-03-31,0.4676349206349207,9.0,C
SM,2020-06-30,0.5993968253968254,1.0,B
MTDR,2020-06-30,0.5847222222222223,2.0,B
VTLE,2020-06-30,0.5645039682539683,3.0,B
OVV,2020-06-30,0.5199722222222223,4.0,C
EOG,2020-06-30,0.5126666666666667,5.0,C
FANG,2020-06-30,0.4849166666666667,6.0,C
CXO,2020-06-30,0.4718333333333333,7.0,C
CPE,2020-06-30,0.45125793650793644,8.0,C
PXD,2020-06-30,0.4487777777777778,9.0,C
SM,2020-09-30,0.562234126984127,1.0,B
FANG,2020-09-30,0.5620277777777777,2.0,B
OVV,2020-09-30,0.5566111111111112,3.0,B
MTDR,2020-09-30,0.5346944444444444,4.0,C
CPE,2020-09-30,0.5270357142857144,5.0,C
VTLE,2020-09-30,0.5107460317460317,6.0,C
EOG,2020-09-30,0.5094444444444445,7.0,C
CXO,2020-09-30,0.4989444444444444,8.0,C
PXD,2020-09-30,0.4193333333333333,9.0,C
VTLE,2020-12-31,0.7089722222222222,1.0,A
SM,2020-12-31,0.6283730158730159,2.0,B
CXO,2020-12-31,0.5076944444444444,3.0,C
FANG,2020-12-31,0.5017222222222222,4.0,C
MTDR,2020-12-31,0.49180555555555555,5.0,C
EOG,2020-12-31,0.47911111111111104,6.0,C
PXD,2020-12-31,0.47225396825396837,7.0,C
OVV,2020-12-31,0.4673333333333333,8.0,C
CPE,2020-12-31,0.4257023809523809,9.0,C
VTLE,2021-03-31,0.6294007936507936,1.0,B
APA,2021-03-31,0.5675555555555556,2.0,B
PXD,2021-03-31,0.554952380952381,3.0,B
SM,2021-03-31,0.535531746031746,4.0,C
OVV,2021-03-31,0.5293611111111112,5.0,C
EOG,2021-03-31,0.5263333333333334,6.0,C
FANG,2021-03-31,0.48794444444444435,7.0,C
CPE,2021-03-31,0.43436904761904754,8.0,C
MTDR,2021-03-31,0.40758333333333335,9.0,C
APA,2021-06-30,0.6176547619047619,1.0,B
VTLE,2021-06-30,0.5626587301587302,2.0,B
EOG,2021-06-30,0.5527777777777778,3.0,B
FANG,2021-06-30,0.5413888888888888,4.0,C
PXD,2021-06-30,0.5222857142857142,5.0,C
MTDR,2021-06-30,0.4916944444444445,6.0,C
CPE,2021-06-30,0.49063888888888885,7.0,C
OVV,2021-06-30,0.4458055555555555,8.0,C
SM,2021-06-30,0.39871428571428574,9.0,D
EOG,2021-09-30,0.5644444444444445,1.0,B
VTLE,2021-09-30,0.5480555555555555,2.0,C
CPE,2021-09-30,0.5259087301587302,3.0,C
OVV,2021-09-30,0.5166666666666666,4.0,C
APA,2021-09-30,0.5144404761904762,5.0,C
MTDR,2021-09-30,0.5056388888888889,6.0,C
PXD,2021-09-30,0.4857301587301587,7.0,C
FANG,2021-09-30,0.4761666666666667,8.0,C
SM,2021-09-30,0.4672420634920635,9.0,C
APA,2021-12-31,0.5909336219336219,1.0,B
EOG,2021-12-31,0.5590295815295816,2.0,B
CTRA,2021-12-31,0.5563950216450217,3.0,B
CPE,2021-12-31,0.5241893939393939,4.0,C
VTLE,2021-12-31,0.5084155844155844,5.0,C
MTDR,2021-12-31,0.4999141414141415,6.0,C
CRGY,2021-12-31,0.498224025974026,7.0,C
OVV,2021-12-31,0.4921713564213564,8.0,C
CIVI,2021-12-31,0.4825717893217894,9.0,C
SM,2021-12-31,0.4774383116883117,10.0,C
PXD,2021-12-31,0.47509126984126987,11.0,C
FANG,2021-12-31,0.4122424242424242,12.0,C
CIVI,2022-03-31,0.587319264069264,1.0,B
EOG,2022-03-31,0.5758484848484849,2.0,B
CPE,2022-03-31,0.5638982683982684,3.0,B
MTDR,2022-03-31,0.559952380952381,4.0,B
APA,2022-03-31,0.5260422077922078,5.0,C
OVV,2022-03-31,0.5216038961038961,6.0,C
CRGY,2022-03-31,0.4834897186147187,7.0,C
PXD,2022-03-31,0.48311904761904756,8.0,C
SM,2022-03-31,0.4717359307359307,9.0,C
VTLE,2022-03-31,0.46607142857142864,10.0,C
CTRA,2022-03-31,0.46058549783549785,11.0,C
FANG,2022-03-31,0.44006168831168824,12.0,C
CTRA,2022-06-30,0.644180735930736,1.0,B
APA,2022-06-30,0.5819231601731601,2.0,B
EOG,2022-06-30,0.5602835497835498,3.0,B
VTLE,2022-06-30,0.5548333333333333,4.0,B
CIVI,2022-06-30,0.5346071428571428,5.0,C
FANG,2022-06-30,0.525478354978355,6.0,C
CRGY,2022-06-30,0.5194788961038961,7.0,C
MTDR,2022-06-30,0.5159339826839827,8.0,C
CPE,2022-06-30,0.4908582251082252,9.0,C
PXD,2022-06-30,0.45541125541125543,10.0,C
OVV,2022-06-30,0.3868365800865801,11.0,D
SM,2022-06-30,0.3621168831168831,12.0,D
EOG,2022-09-30,0.6168774281274281,1.0,B
FANG,2022-09-30,0.5778804528804529,2.0,B
CTRA,2022-09-30,0.5604116994116994,3.0,B
MTDR,2022-09-30,0.5587325174825175,4.0,B
VTLE,2022-09-30,0.5259365634365635,5.0,C
APA,2022-09-30,0.5084261571761571,6.0,C
PR,2022-09-30,0.49539516039516046,7.0,C
CPE,2022-09-30,0.4907287712287712,8.0,C
OVV,2022-09-30,0.48947732822732815,9.0,C
CRGY,2022-09-30,0.47412659562659554,10.0,C
PXD,2022-09-30,0.44408491508491515,11.0,C
CIVI,2022-09-30,0.4416152181152181,12.0,C
SM,2022-09-30,0.41374803767660906,13.0,C
CTRA,2022-12-31,0.6247749472749473,1.0,B
MTDR,2022-12-31,0.5978907203907204,2.0,B
EOG,2022-12-31,0.5425330225330226,3.0,C
CRGY,2022-12-31,0.5337627372627373,4.0,C
VTLE,2022-12-31,0.5037992007992007,5.0,C
CIVI,2022-12-31,0.5036510156510157,6.0,C
FANG,2022-12-31,0.5032672882672883,7.0,C
APA,2022-12-31,0.496917526917527,8.0,C
PXD,2022-12-31,0.47323876123876124,9.0,C
CPE,2022-12-31,0.46960323010323,10.0,C
PR,2022-12-31,0.4532975357975358,11.0,C
SM,2022-12-31,0.4516631780917495,12.0,C
OVV,2022-12-31,0.4363683538683538,13.0,C
CTRA,2023-03-31,0.6505368520368521,1.0,B
EOG,2023-03-31,0.6220018870018871,2.0,B
FANG,2023-03-31,0.5576889776889776,3.0,B
APA,2023-03-31,0.5316305916305917,4.0,C
MTDR,2023-03-31,0.5159432234432234,5.0,C
CRGY,2023-03-31,0.5060474525474524,6.0,C
VTLE,2023-03-31,0.5034998334998335,7.0,C
CPE,2023-03-31,0.5010647685647686,8.0,C
CIVI,2023-03-31,0.47829936729936734,9.0,C
SM,2023-03-31,0.47184667713239137,10.0,C
OVV,2023-03-31,0.4708494283494284,11.0,C
PXD,2023-03-31,0.47054745254745256,12.0,C
PR,2023-03-31,0.39289183039183045,13.0,D
EOG,2023-06-30,0.6305244755244753,1.0,B
OVV,2023-06-30,0.5970521145521146,2.0,B
CTRA,2023-06-30,0.5822035187035187,3.0,B
FANG,2023-06-30,0.5321173271173272,4.0,C
CIVI,2023-06-30,0.5318095238095238,5.0,C
VTLE,2023-06-30,0.5313514818514818,6.0,C
APA,2023-06-30,0.5296434121434122,7.0,C
CPE,2023-06-30,0.5161929736929737,8.0,C
PXD,2023-06-30,0.4912947052947053,9.0,C
SM,2023-06-30,0.4736713762428048,10.0,C
CRGY,2023-06-30,0.4487992007992008,11.0,C
MTDR,2023-06-30,0.4358599733599734,12.0,C
PR,2023-06-30,0.3736274836274836,13.0,D
EOG,2023-09-30,0.5745140970140971,1.0,B
FANG,2023-09-30,0.5722516372516373,2.0,B
VTLE,2023-09-30,0.5610437895437895,3.0,B
OVV,2023-09-30,0.5407098457098458,4.0,C
CTRA,2023-09-30,0.5406009546009546,5.0,C
SM,2023-09-30,0.5250180533751962,6.0,C
CPE,2023-09-30,0.5241929736929738,7.0,C
MTDR,2023-09-30,0.5213880563880564,8.0,C
CIVI,2023-09-30,0.4938669663669664,9.0,C
APA,2023-09-30,0.4784773559773559,10.0,C
PR,2023-09-30,0.4501076701076701,11.0,C
PXD,2023-09-30,0.44038361638361634,12.0,C
CRGY,2023-09-30,0.3555144855144855,13.0,D
CTRA,2023-12-31,0.656942834942835,1.0,B
VTLE,2023-12-31,0.5814750249750249,2.0,B
FANG,2023-12-31,0.54998667998668,3.0,
EOG,2023-12-31,0.5319072594072594,4.0,C
SM,2023-12-31,0.5190546834118263,5.0,C
APA,2023-12-31,0.5166450216450217,6.0,C
CRGY,2023-12-31,0.513061494061494,7.0,C
OVV,2023-12-31,0.500929625929626,8.0,C
CPE,2023-12-31,0.4892955377955378,9.0,C
PXD,2023-12-31,0.46084515484515487,10.0,C
CIVI,2023-12-31,0.4597737262737263,11.0,C
PR,2023-12-31,0.4593850593850594,12.0,C
MTDR,2023-12-31,0.4149725274725274,13.0,C
VTLE,2024-03-31,0.5983331668331666,1.0,B
SM,2024-03-31,0.5928570556427699,2.0,B
CTRA,2024-03-31,0.568957486957487,3.0,B
FANG,2024-03-31,0.5617876567876567,4.0,B
APA,2024-03-31,0.5561605061605062,5.0,B
OVV,2024-03-31,0.5417316017316017,6.0,C
EOG,2024-03-31,0.5298742923742923,7.0,C
CPE,2024-03-31,0.5200647685647687,8.0,C
CIVI,2024-03-31,0.5064137529137529,9.0,C
PR,2024-03-31,0.449973914973915,10.0,C
MTDR,2024-03-31,0.42872932622932625,11.0,C
PXD,2024-03-31,0.41224975024975025,12.0,C
CRGY,2024-03-31,0.3978136308136308,13.0,D
EOG,2024-06-30,0.6127633477633476,1.0,B
VTLE,2024-06-30,0.6111428571428571,2.0,B
CTRA,2024-06-30,0.5910505050505052,3.0,B
CIVI,2024-06-30,0.5318759018759018,4.0,C
PR,2024-06-30,0.5226308539944903,5.0,C
APA,2024-06-30,0.5199494949494949,6.0,C
FANG,2024-06-30,0.5012842712842713,7.0,C
OVV,2024-06-30,0.48796536796536794,8.0,C
SM,2024-06-30,0.47532199546485265,9.0,C
MTDR,2024-06-30,0.4503102453102453,10.0,C
CRGY,2024-06-30,0.3486695526695527,11.0,D
EOG,2024-09-30,0.6404184704184703,1.0,B
CTRA,2024-09-30,0.597050505050505,2.0,B
APA,2024-09-30,0.5508513708513708,3.0,B
FANG,2024-09-30,0.5280014430014429,4.0,C
OVV,2024-09-30,0.5137806637806638,5.0,C
CIVI,2024-09-30,0.4877041847041847,6.0,C
PR,2024-09-30,0.4843913157549521,7.0,C
CRGY,2024-09-30,0.48087157287157284,8.0,C
SM,2024-09-30,0.46804638218923933,9.0,C
VTLE,2024-09-30,0.4581428571428571,10.0,C
MTDR,2024-09-30,0.423008658008658,11.0,C
CTRA,2024-12-31,0.6783535353535354,1.0,B
VTLE,2024-12-31,0.6485974025974026,2.0,B
EOG,2024-12-31,0.5711688311688312,3.0,B
APA,2024-12-31,0.5649567099567101,4.0,B
CIVI,2024-12-31,0.5576031746031745,5.0,B
OVV,2024-12-31,0.49406204906204904,6.0,C
SM,2024-12-31,0.4813696145124717,7.0,C
FANG,2024-12-31,0.4528210678210678,8.0,C
MTDR,2024-12-31,0.44873015873015876,9.0,C
PR,2024-12-31,0.4440161353797717,10.0,C
CRGY,2024-12-31,0.32355844155844155,11.0,D
EOG,2025-03-31,0.6031601731601731,1.0,B
CTRA,2025-03-31,0.5978484848484849,2.0,B
APA,2025-03-31,0.5977128427128426,3.0,B
CIVI,2025-03-31,0.5939668109668109,4.0,B
OVV,2025-03-31,0.5716522366522366,5.0,B
VTLE,2025-03-31,0.5125064935064935,6.0,C
MTDR,2025-03-31,0.4934632034632034,7.0,C
FANG,2025-03-31,0.4914285714285714,8.0,C
SM,2025-03-31,0.441291280148423,9.0,C
PR,2025-03-31,0.39409746818837726,10.0,D
CRGY,2025-03-31,0.3899408369408369,11.0,D
APA,2025-06-30,0.5915367965367966,1.0,B
EOG,2025-06-30,0.5724386724386725,2.0,B
MTDR,2025-06-30,0.5724314574314575,3.0,B
OVV,2025-06-30,0.5546320346320346,4.0,B
CTRA,2025-06-30,0.5343419913419913,5.0,C
CIVI,2025-06-30,0.5126681096681096,6.0,C
FANG,2025-06-30,0.5091919191919192,7.0,C
VTLE,2025-06-30,0.5074805194805194,8.0,C
SM,2025-06-30,0.46414883529169254,9.0,C
PR,2025-06-30,0.443743932834842,10.0,C
CRGY,2025-06-30,0.3821038961038961,11.0,D
CTRA,2025-09-30,0.6788427128427129,1.0,B
EOG,2025-09-30,0.5814935064935064,2.0,B
MTDR,2025-09-30,0.5593506493506494,3.0,B
APA,2025-09-30,0.5342207792207793,4.0,C
FANG,2025-09-30,0.530064935064935,5.0,C
OVV,2025-09-30,0.5141847041847042,6.0,C
VTLE,2025-09-30,0.5119350649350649,7.0,C
CIVI,2025-09-30,0.5047590187590187,8.0,C
SM,2025-09-30,0.43866646052360336,9.0,C
PR,2025-09-30,0.43500655909746816,10.0,C
CRGY,2025-09-30,0.36602308802308803,11.0,D
EOG,2025-12-31,0.6403095238095237,1.0,B
CTRA,2025-12-31,0.5919111111111112,2.0,B
FANG,2025-12-31,0.5650158730158731,3.0,B
OVV,2025-12-31,0.5326190476190477,4.0,C
APA,2025-12-31,0.5316746031746031,5.0,C
MTDR,2025-12-31,0.5006984126984126,6.0,C
PR,2025-12-31,0.480054834054834,7.0,C
SM,2025-12-31,0.4671229024943311,8.0,C
CIVI,2025-12-31,0.46001428571428576,9.0,C
CRGY,2025-12-31,0.3616142857142857,10.0,D
