rebalance_date,ticker,eligible_flag,inclusion_reason,exclusion_reason,listing_status,market_cap,adv_30d,filing_available_flag,latest_filing_used,latest_filing_date,latest_filing_accepted_datetime,sector,basin,delisting_return_applied
2014-03-31,FANG,True,Listed Permian E&P within universe window,,Active,,,True,,,,Energy,Permian,0.0
2014-03-31,MTDR,True,Listed Permian E&P within universe window,,Active,,,True,,,,Energy,Permian,0.0
2014-03-31,EOG,True,Listed Permian E&P within universe window,,Active,,,True,,,,Energy,Permian,0.0
2014-03-31,SM,True,Listed Permian E&P within universe window,,Active,,,True,,,,Energy,Permian,0.0
2014-03-31,VTLE,True,Listed Permian E&P within universe window,,Active,,,True,,,,Energy,Permian,0.0
2014-03-31,PXD,True,Listed Permian E&P within universe window,,Active,,,True,,,,Energy,Permian,0.0
2014-03-31,CPE,True,Listed Permian E&P within universe window,,Active,,,True,,,,Energy,Permian,0.0
2014-03-31,CXO,True,Listed Permian E&P within universe window,,Active,,,True,,,,Energy,Permian,0.0
2014-06-30,FANG,True,Listed Permian E&P within universe window,,Active,,,True,,,,Energy,Permian,0.0
2014-06-30,MTDR,True,Listed Permian E&P within universe window,,Active,,,True,,,,Energy,Permian,0.0
2014-06-30,EOG,True,Listed Permian E&P within universe window,,Active,,,True,,,,Energy,Permian,0.0
2014-06-30,SM,True,Listed Permian E&P within universe window,,Active,,,True,,,,Energy,Permian,0.0
2014-06-30,VTLE,True,Listed Permian E&P within universe window,,Active,,,True,,,,Energy,Permian,0.0
2014-06-30,PXD,True,Listed Permian E&P within universe window,,Active,,,True,,,,Energy,Permian,0.0
2014-06-30,CPE,True,Listed Permian E&P within universe window,,Active,,,True,,,,Energy,Permian,0.0
2014-06-30,CXO,True,Listed Permian E&P within universe window,,Active,,,True,,,,Energy,Permian,0.0
2014-09-30,FANG,True,Listed Permian E&P within universe window,,Active,,,True,,,,Energy,Permian,0.0
2014-09-30,MTDR,True,Listed Permian E&P within universe window,,Active,,,True,,,,Energy,Permian,0.0
2014-09-30,EOG,True,Listed Permian E&P within universe window,,Active,,,True,,,,Energy,Permian,0.0
2014-09-30,SM,True,Listed Permian E&P within universe window,,Active,,,True,,,,Energy,Permian,0.0
2014-09-30,VTLE,True,Listed Permian E&P within universe window,,Active,,,True,,,,Energy,Permian,0.0
2014-09-30,PXD,True,Listed Permian E&P within universe window,,Active,,,True,,,,Energy,Permian,0.0
2014-09-30,CPE,True,Listed Permian E&P within universe window,,Active,,,True,,,,Energy,Permian,0.0
2014-09-30,CXO,True,Listed Permian E&P within universe window,,Active,,,True,,,,Energy,Permian,0.0
2014-12-31,FANG,True,Listed Permian E&P within universe window,,Active,,,True,,,,Energy,Permian,0.0
2014-12-31,MTDR,True,Listed Permian E&P within universe window,,Active,,,True,,,,Energy,Permian,0.0
2014-12-31,EOG,True,Listed Permian E&P within universe window,,Active,,,True,,,,Energy,Permian,0.0
2014-12-31,SM,True,Listed Permian E&P within universe window,,Active,,,True,,,,Energy,Permian,0.0
2014-12-31,VTLE,True,Listed Permian E&P within universe window,,Active,,,True,,,,Energy,Permian,0.0
2014-12-31,PXD,True,Listed Permian E&P within universe window,,Active,,,True,,,,Energy,Permian,0.0
2014-12-31,CPE,True,Listed Permian E&P within universe window,,Active,,,True,,,,Energy,Permian,0.0
2014-12-31,CXO,True,Listed Permian E&P within universe window,,Active,,,True,,,,Energy,Permian,0.0
2015-03-31,FANG,True,Listed Permian E&P within universe window,,Active,,,True,,,,Energy,Permian,0.0
2015-03-31,MTDR,True,Listed Permian E&P within universe window,,Active,,,True,,,,Energy,Permian,0.0
2015-03-31,EOG,True,Listed Permian E&P within universe window,,Active,,,True,,,,Energy,Permian,0.0
2015-03-31,SM,True,Listed Permian E&P within universe window,,Active,,,True,,,,Energy,Permian,0.0
2015-03-31,VTLE,True,Listed Permian E&P within universe window,,Active,,,True,,,,Energy,Permian,0.0
2015-03-31,PXD,True,Listed Permian E&P within universe window,,Active,,,True,,,,Energy,Permian,0.0
2015-03-31,CPE,True,Listed Permian E&P within universe window,,Active,,,True,,,,Energy,Permian,0.0
2015-03-31,CXO,True,Listed Permian E&P within universe window,,Active,,,True,,,,Energy,Permian,0.0
2015-06-30,FANG,True,Listed Permian E&P within universe window,,Active,,,True,,,,Energy,Permian,0.0
2015-06-30,MTDR,True,Listed Permian E&P within universe window,,Active,,,True,,,,Energy,Permian,0.0
2015-06-30,EOG,True,Listed Permian E&P within universe window,,Active,,,True,,,,Energy,Permian,0.0
2015-06-30,SM,True,Listed Permian E&P within universe window,,Active,,,True,,,,Energy,Permian,0.0
2015-06-30,VTLE,True,Listed Permian E&P within universe window,,Active,,,True,,,,Energy,Permian,0.0
2015-06-30,PXD,True,Listed Permian E&P within universe window,,Active,,,True,,,,Energy,Permian,0.0
2015-06-30,CPE,True,Listed Permian E&P within universe window,,Active,,,True,,,,Energy,Permian,0.0
2015-06-30,CXO,True,Listed Permian E&P within universe window,,Active,,,True,,,,Energy,Permian,0.0
2015-09-30,FANG,True,Listed Permian E&P within universe window,,Active,,,True,,,,Energy,Permian,0.0
2015-09-30,MTDR,True,Listed Permian E&P within universe window,,Active,,,True,,,,Energy,Permian,0.0
2015-09-30,EOG,True,Listed Permian E&P within universe window,,Active,,,True,,,,Energy,Permian,0.0
2015-09-30,SM,True,Listed Permian E&P within universe window,,Active,,,True,,,,Energy,Permian,0.0
2015-09-30,VTLE,True,Listed Permian E&P within universe window,,Active,,,True,,,,Energy,Permian,0.0
2015-09-30,PXD,True,Listed Permian E&P within universe window,,Active,,,True,,,,Energy,Permian,0.0
2015-09-30,CPE,True,Listed Permian E&P within universe window,,Active,,,True,,,,Energy,Permian,0.0
2015-09-30,CXO,True,Listed Permian E&P within universe window,,Active,,,True,,,,Energy,Permian,0.0
2015-12-31,FANG,True,Listed Permian E&P within universe window,,Active,,,True,,,,Energy,Permian,0.0
2015-12-31,MTDR,True,Listed Permian E&P within universe window,,Active,,,True,,,,Energy,Permian,0.0
2015-12-31,EOG,True,Listed Permian E&P within universe window,,Active,,,True,,,,Energy,Permian,0.0
2015-12-31,SM,True,Listed Permian E&P within universe window,,Active,,,True,,,,Energy,Permian,0.0
2015-12-31,VTLE,True,Listed Permian E&P within universe window,,Active,,,True,,,,Energy,Permian,0.0
2015-12-31,PXD,True,Listed Permian E&P within universe window,,Active,,,True,,,,Energy,Permian,0.0
2015-12-31,CPE,True,Listed Permian E&P within universe window,,Active,,,True,,,,Energy,Permian,0.0
2015-12-31,CXO,True,Listed Permian E&P within universe window,,Active,,,True,,,,Energy,Permian,0.0
2016-03-31,FANG,True,Listed Permian E&P within universe window,,Active,,,True,,,,Energy,Permian,0.0
2016-03-31,MTDR,True,Listed Permian E&P within universe window,,Active,,,True,,,,Energy,Permian,0.0
2016-03-31,EOG,True,Listed Permian E&P within universe window,,Active,,,True,,,,Energy,Permian,0.0
2016-03-31,SM,True,Listed Permian E&P within universe window,,Active,,,True,,,,Energy,Permian,0.0
2016-03-31,VTLE,True,Listed Permian E&P within universe window,,Active,,,True,,,,Energy,Permian,0.0
2016-03-31,PXD,True,Listed Permian E&P within universe window,,Active,,,True,,,,Energy,Permian,0.0
2016-03-31,CPE,True,Listed Permian E&P within universe window,,Active,,,True,,,,Energy,Permian,0.0
2016-03-31,CXO,True,Listed Permian E&P within universe window,,Active,,,True,,,,Energy,Permian,0.0
2016-06-30,FANG,True,Listed Permian E&P within universe window,,Active,,,True,,,,Energy,Permian,0.0
2016-06-30,MTDR,True,Listed Permian E&P within universe window,,Active,,,True,,,,Energy,Permian,0.0
2016-06-30,EOG,True,Listed Permian E&P within universe window,,Active,,,True,,,,Energy,Permian,0.0
2016-06-30,SM,True,Listed Permian E&P within universe window,,Active,,,True,,,,Energy,Permian,0.0
2016-06-30,VTLE,True,Listed Permian E&P within universe window,,Active,,,True,,,,Energy,Permian,0.0
2016-06-30,PXD,True,Listed Permian E&P within universe window,,Active,,,True,,,,Energy,Permian,0.0
2016-06-30,CPE,True,Listed Permian E&P within universe window,,Active,,,True,,,,Energy,Permian,0.0
2016-06-30,CXO,True,Listed Permian E&P within universe window,,Active,,,True,,,,Energy,Permian,0.0
2016-09-30,FANG,True,Listed Permian E&P within universe window,,Active,,,True,,,,Energy,Permian,0.0
2016-09-30,MTDR,True,Listed Permian E&P within universe window,,Active,,,True,,,,Energy,Permian,0.0
2016-09-30,EOG,True,Listed Permian E&P within universe window,,Active,,,True,,,,Energy,Permian,0.0
2016-09-30,SM,True,Listed Permian E&P within universe window,,Active,,,True,,,,Energy,Permian,0.0
2016-09-30,VTLE,True,Listed Permian E&P within universe window,,Active,,,True,,,,Energy,Permian,0.0
2016-09-30,PXD,True,Listed Permian E&P within universe window,,Active,,,True,,,,Energy,Permian,0.0
2016-09-30,CPE,True,Listed Permian E&P within universe window,,Active,,,True,,,,Energy,Permian,0.0
2016-09-30,CXO,True,Listed Permian E&P within universe window,,Active,,,True,,,,Energy,Permian,0.0
2016-12-31,FANG,True,Listed Permian E&P within universe window,,Active,,,True,,,,Energy,Permian,0.0
2016-12-31,MTDR,True,Listed Permian E&P within universe window,,Active,,,True,,,,Energy,Permian,0.0
2016-12-31,EOG,True,Listed Permian E&P within universe window,,Active,,,True,,,,Energy,Permian,0.0
2016-12-31,SM,True,Listed Permian E&P within universe window,,Active,,,True,,,,Energy,Permian,0.0
2016-12-31,VTLE,True,Listed Permian E&P within universe window,,Active,,,True,,,,Energy,Permian,0.0
2016-12-31,PXD,True,Listed Permian E&P within universe window,,Active,,,True,,,,Energy,Permian,0.0
2016-12-31,CPE,True,Listed Permian E&P within universe window,,Active,,,True,,,,Energy,Permian,0.0
2016-12-31,CXO,True,Listed Permian E&P within universe window,,Active,,,True,,,,Energy,Permian,0.0
2017-03-31,FANG,True,Listed Permian E&P within universe window,,Active,,,True,,,,Energy,Permian,0.0
2017-03-31,MTDR,True,Listed Permian E&P within universe window,,Active,,,True,,,,Energy,Permian,0.0
2017-03-31,EOG,True,Listed Permian E&P within universe window,,Active,,,True,,,,Energy,Permian,0.0
2017-03-31,SM,True,Listed Permian E&P within universe window,,Active,,,True,,,,Energy,Permian,0.0
2017-03-31,VTLE,True,Listed Permian E&P within universe window,,Active,,,True,,,,Energy,Permian,0.0
2017-03-31,PXD,True,Listed Permian E&P within universe window,,Active,,,True,,,,Energy,Permian,0.0
2017-03-31,CPE,True,Listed Permian E&P within universe window,,Active,,,True,,,,Energy,Permian,0.0
2017-03-31,CXO,True,Listed Permian E&P within universe window,,Active,,,True,,,,Energy,Permian,0.0
2017-06-30,FANG,True,Listed Permian E&P within universe window,,Active,,,True,,,,Energy,Permian,0.0
2017-06-30,MTDR,True,Listed Permian E&P within universe window,,Active,,,True,,,,Energy,Permian,0.0
2017-06-30,EOG,True,Listed Permian E&P within universe window,,Active,,,True,,,,Energy,Permian,0.0
2017-06-30,SM,True,Listed Permian E&P within universe window,,Active,,,True,,,,Energy,Permian,0.0
2017-06-30,VTLE,True,Listed Permian E&P within universe window,,Active,,,True,,,,Energy,Permian,0.0
2017-06-30,PXD,True,Listed Permian E&P within universe window,,Active,,,True,,,,Energy,Permian,0.0
2017-06-30,CPE,True,Listed Permian E&P within universe window,,Active,,,True,,,,Energy,Permian,0.0
2017-06-30,CXO,True,Listed Permian E&P within universe window,,Active,,,True,,,,Energy,Permian,0.0
2017-09-30,FANG,True,Listed Permian E&P within universe window,,Active,,,True,,,,Energy,Permian,0.0
2017-09-30,MTDR,True,Listed Permian E&P within universe window,,Active,,,True,,,,Energy,Permian,0.0
2017-09-30,EOG,True,Listed Permian E&P within universe window,,Active,,,True,,,,Energy,Permian,0.0
2017-09-30,SM,True,Listed Permian E&P within universe window,,Active,,,True,,,,Energy,Permian,0.0
2017-09-30,VTLE,True,Listed Permian E&P within universe window,,Active,,,True,,,,Energy,Permian,0.0
2017-09-30,PXD,True,Listed Permian E&P within universe window,,Active,,,True,,,,Energy,Permian,0.0
2017-09-30,CPE,True,Listed Permian E&P within universe window,,Active,,,True,,,,Energy,Permian,0.0
2017-09-30,CXO,True,Listed Permian E&P within universe window,,Active,,,True,,,,Energy,Permian,0.0
2017-12-31,FANG,True,Listed Permian E&P within universe window,,Active,,,True,,,,Energy,Permian,0.0
2017-12-31,MTDR,True,Listed Permian E&P within universe window,,Active,,,True,,,,Energy,Permian,0.0
2017-12-31,EOG,True,Listed Permian E&P within universe window,,Active,,,True,,,,Energy,Permian,0.0
2017-12-31,SM,True,Listed Permian E&P within universe window,,Active,,,True,,,,Energy,Permian,0.0
2017-12-31,VTLE,True,Listed Permian E&P within universe window,,Active,,,True,,,,Energy,Permian,0.0
2017-12-31,PXD,True,Listed Permian E&P within universe window,,Active,,,True,,,,Energy,Permian,0.0
2017-12-31,CPE,True,Listed Permian E&P within universe window,,Active,,,True,,,,Energy,Permian,0.0
2017-12-31,CXO,True,Listed Permian E&P within universe window,,Active,,,True,,,,Energy,Permian,0.0
2018-03-31,FANG,True,Listed Permian E&P within universe window,,Active,,,True,,,,Energy,Permian,0.0
2018-03-31,MTDR,True,Listed Permian E&P within universe window,,Active,,,True,,,,Energy,Permian,0.0
2018-03-31,EOG,True,Listed Permian E&P within universe window,,Active,,,True,,,,Energy,Permian,0.0
2018-03-31,SM,True,Listed Permian E&P within universe window,,Active,,,True,,,,Energy,Permian,0.0
2018-03-31,VTLE,True,Listed Permian E&P within universe window,,Active,,,True,,,,Energy,Permian,0.0
2018-03-31,PXD,True,Listed Permian E&P within universe window,,Active,,,True,,,,Energy,Permian,0.0
2018-03-31,CPE,True,Listed Permian E&P within universe window,,Active,,,True,,,,Energy,Permian,0.0
2018-03-31,CXO,True,Listed Permian E&P within universe window,,Active,,,True,,,,Energy,Permian,0.0
2018-06-30,FANG,True,Listed Permian E&P within universe window,,Active,,,True,,,,Energy,Permian,0.0
2018-06-30,MTDR,True,Listed Permian E&P within universe window,,Active,,,True,,,,Energy,Permian,0.0
2018-06-30,EOG,True,Listed Permian E&P within universe window,,Active,,,True,,,,Energy,Permian,0.0
2018-06-30,SM,True,Listed Permian E&P within universe window,,Active,,,True,,,,Energy,Permian,0.0
2018-06-30,VTLE,True,Listed Permian E&P within universe window,,Active,,,True,,,,Energy,Permian,0.0
2018-06-30,PXD,True,Listed Permian E&P within universe window,,Active,,,True,,,,Energy,Permian,0.0
2018-06-30,CPE,True,Listed Permian E&P within universe window,,Active,,,True,,,,Energy,Permian,0.0
2018-06-30,CXO,True,Listed Permian E&P within universe window,,Active,,,True,,,,Energy,Permian,0.0
2018-09-30,FANG,True,Listed Permian E&P within universe window,,Active,,,True,,,,Energy,Permian,0.0
2018-09-30,MTDR,True,Listed Permian E&P within universe window,,Active,,,True,,,,Energy,Permian,0.0
2018-09-30,EOG,True,Listed Permian E&P within universe window,,Active,,,True,,,,Energy,Permian,0.0
2018-09-30,SM,True,Listed Permian E&P within universe window,,Active,,,True,,,,Energy,Permian,0.0
2018-09-30,VTLE,True,Listed Permian E&P within universe window,,Active,,,True,,,,Energy,Permian,0.0
2018-09-30,PXD,True,Listed Permian E&P within universe window,,Active,,,True,,,,Energy,Permian,0.0
2018-09-30,CPE,True,Listed Permian E&P within universe window,,Active,,,True,,,,Energy,Permian,0.0
2018-09-30,CXO,True,Listed Permian E&P within universe window,,Active,,,True,,,,Energy,Permian,0.0
2018-12-31,FANG,True,Listed Permian E&P within universe window,,Active,,,True,,,,Energy,Permian,0.0
2018-12-31,MTDR,True,Listed Permian E&P within universe window,,Active,,,True,,,,Energy,Permian,0.0
2018-12-31,EOG,True,Listed Permian E&P within universe window,,Active,,,True,,,,Energy,Permian,0.0
2018-12-31,SM,True,Listed Permian E&P within universe window,,Active,,,True,,,,Energy,Permian,0.0
2018-12-31,VTLE,True,Listed Permian E&P within universe window,,Active,,,True,,,,Energy,Permian,0.0
2018-12-31,PXD,True,Listed Permian E&P within universe window,,Active,,,True,,,,Energy,Permian,0.0
2018-12-31,CPE,True,Listed Permian E&P within universe window,,Active,,,True,,,,Energy,Permian,0.0
2018-12-31,CXO,True,Listed Permian E&P within universe window,,Active,,,True,,,,Energy,Permian,0.0
2019-03-31,FANG,True,Listed Permian E&P within universe window,,Active,,,True,,,,Energy,Permian,0.0
2019-03-31,MTDR,True,Listed Permian E&P within universe window,,Active,,,True,,,,Energy,Permian,0.0
2019-03-31,EOG,True,Listed Permian E&P within universe window,,Active,,,True,,,,Energy,Permian,0.0
2019-03-31,SM,True,Listed Permian E&P within universe window,,Active,,,True,,,,Energy,Permian,0.0
2019-03-31,VTLE,True,Listed Permian E&P within universe window,,Active,,,True,,,,Energy,Permian,0.0
2019-03-31,PXD,True,Listed Permian E&P within universe window,,Active,,,True,,,,Energy,Permian,0.0
2019-03-31,CPE,True,Listed Permian E&P within universe window,,Active,,,True,,,,Energy,Permian,0.0
2019-03-31,CXO,True,Listed Permian E&P within universe window,,Active,,,True,,,,Energy,Permian,0.0
2019-06-30,FANG,True,Listed Permian E&P within universe window,,Active,,,True,,,,Energy,Permian,0.0
2019-06-30,MTDR,True,Listed Permian E&P within universe window,,Active,,,True,,,,Energy,Permian,0.0
2019-06-30,EOG,True,Listed Permian E&P within universe window,,Active,,,True,,,,Energy,Permian,0.0
2019-06-30,SM,True,Listed Permian E&P within universe window,,Active,,,True,,,,Energy,Permian,0.0
2019-06-30,VTLE,True,Listed Permian E&P within universe window,,Active,,,True,,,,Energy,Permian,0.0
2019-06-30,PXD,True,Listed Permian E&P within universe window,,Active,,,True,,,,Energy,Permian,0.0
2019-06-30,CPE,True,Listed Permian E&P within universe window,,Active,,,True,,,,Energy,Permian,0.0
2019-06-30,CXO,True,Listed Permian E&P within universe window,,Active,,,True,,,,Energy,Permian,0.0
2019-09-30,FANG,True,Listed Permian E&P within universe window,,Active,,,True,,,,Energy,Permian,0.0
2019-09-30,MTDR,True,Listed Permian E&P within universe window,,Active,,,True,,,,Energy,Permian,0.0
2019-09-30,EOG,True,Listed Permian E&P within universe window,,Active,,,True,,,,Energy,Permian,0.0
2019-09-30,SM,True,Listed Permian E&P within universe window,,Active,,,True,,,,Energy,Permian,0.0
2019-09-30,VTLE,True,Listed Permian E&P within universe window,,Active,,,True,,,,Energy,Permian,0.0
2019-09-30,PXD,True,Listed Permian E&P within universe window,,Active,,,True,,,,Energy,Permian,0.0
2019-09-30,CPE,True,Listed Permian E&P within universe window,,Active,,,True,,,,Energy,Permian,0.0
2019-09-30,CXO,True,Listed Permian E&P within universe window,,Active,,,True,,,,Energy,Permian,0.0
2019-12-31,FANG,True,Listed Permian E&P within universe window,,Active,,,True,,,,Energy,Permian,0.0
2019-12-31,MTDR,True,Listed Permian E&P within universe window,,Active,,,True,,,,Energy,Permian,0.0
2019-12-31,EOG,True,Listed Permian E&P within universe window,,Active,,,True,,,,Energy,Permian,0.0
2019-12-31,SM,True,Listed Permian E&P within universe window,,Active,,,True,,,,Energy,Permian,0.0
2019-12-31,VTLE,True,Listed Permian E&P within universe window,,Active,,,True,,,,Energy,Permian,0.0
2019-12-31,PXD,True,Listed Permian E&P within universe window,,Active,,,True,,,,Energy,Permian,0.0
2019-12-31,CPE,True,Listed Permian E&P within universe window,,Active,,,True,,,,Energy,Permian,0.0
2019-12-31,CXO,True,Listed Permian E&P within universe window,,Active,,,True,,,,Energy,Permian,0.0
2020-03-31,FANG,True,Listed Permian E&P within universe window,,Active,,,True,,,,Energy,Permian,0.0
2020-03-31,MTDR,True,Listed Permian E&P within universe window,,Active,,,True,,,,Energy,Permian,0.0
2020-03-31,OVV,True,Listed Permian E&P within universe window,,Active,,,True,,,,Energy,Permian,0.0
2020-03-31,EOG,True,Listed Permian E&P within universe window,,Active,,,True,,,,Energy,Permian,0.0
2020-03-31,SM,True,Listed Permian E&P within universe window,,Active,,,True,,,,Energy,Permian,0.0
2020-03-31,VTLE,True,Listed Permian E&P within universe window,,Active,,,True,,,,Energy,Permian,0.0
2020-03-31,PXD,True,Listed Permian E&P within universe window,,Active,,,True,,,,Energy,Permian,0.0
2020-03-31,CPE,True,Listed Permian E&P within universe window,,Active,,,True,,,,Energy,Permian,0.0
2020-03-31,CXO,True,Listed Permian E&P within universe window,,Active,,,True,,,,Energy,Permian,0.0
2020-06-30,FANG,True,Listed Permian E&P within universe window,,Active,,,True,,,,Energy,Permian,0.0
2020-06-30,MTDR,True,Listed Permian E&P within universe window,,Active,,,True,,,,Energy,Permian,0.0
2020-06-30,OVV,True,Listed Permian E&P within universe window,,Active,,,True,,,,Energy,Permian,0.0
2020-06-30,EOG,True,Listed Permian E&P within universe window,,Active,,,True,,,,Energy,Permian,0.0
2020-06-30,SM,True,Listed Permian E&P within universe window,,Active,,,True,,,,Energy,Permian,0.0
2020-06-30,VTLE,True,Listed Permian E&P within universe window,,Active,,,True,,,,Energy,Permian,0.0
2020-06-30,PXD,True,Listed Permian E&P within universe window,,Active,,,True,,,,Energy,Permian,0.0
2020-06-30,CPE,True,Listed Permian E&P within universe window,,Active,,,True,,,,Energy,Permian,0.0
2020-06-30,CXO,True,Listed Permian E&P within universe window,,Active,,,True,,,,Energy,Permian,0.0
2020-09-30,FANG,True,Listed Permian E&P within universe window,,Active,,,True,,,,Energy,Permian,0.0
2020-09-30,MTDR,True,Listed Permian E&P within universe window,,Active,,,True,,,,Energy,Permian,0.0
2020-09-30,OVV,True,Listed Permian E&P within universe window,,Active,,,True,,,,Energy,Permian,0.0
2020-09-30,EOG,True,Listed Permian E&P within universe window,,Active,,,True,,,,Energy,Permian,0.0
2020-09-30,SM,True,Listed Permian E&P within universe window,,Active,,,True,,,,Energy,Permian,0.0
2020-09-30,VTLE,True,Listed Permian E&P within universe window,,Active,,,True,,,,Energy,Permian,0.0
2020-09-30,PXD,True,Listed Permian E&P within universe window,,Active,,,True,,,,Energy,Permian,0.0
2020-09-30,CPE,True,Listed Permian E&P within universe window,,Active,,,True,,,,Energy,Permian,0.0
2020-09-30,CXO,True,Listed Permian E&P within universe window,,Active,,,True,,,,Energy,Permian,0.0
2020-12-31,FANG,True,Listed Permian E&P within universe window,,Active,,,True,,,,Energy,Permian,0.0
2020-12-31,MTDR,True,Listed Permian E&P within universe window,,Active,,,True,,,,Energy,Permian,0.0
2020-12-31,OVV,True,Listed Permian E&P within universe window,,Active,,,True,,,,Energy,Permian,0.0
2020-12-31,EOG,True,Listed Permian E&P within universe window,,Active,,,True,,,,Energy,Permian,0.0
2020-12-31,SM,True,Listed Permian E&P within universe window,,Active,,,True,,,,Energy,Permian,0.0
2020-12-31,VTLE,True,Listed Permian E&P within universe window,,Active,,,True,,,,Energy,Permian,0.0
2020-12-31,PXD,True,Listed Permian E&P within universe window,,Active,,,True,,,,Energy,Permian,0.0
2020-12-31,CPE,True,Listed Permian E&P within universe window,,Active,,,True,,,,Energy,Permian,0.0
2020-12-31,CXO,True,Listed Permian E&P within universe window,,Active,,,True,,,,Energy,Permian,0.0
2021-03-31,FANG,True,Listed Permian E&P within universe window,,Active,,,True,,,,Energy,Permian,0.0
2021-03-31,MTDR,True,Listed Permian E&P within universe window,,Active,,,True,,,,Energy,Permian,0.0
2021-03-31,OVV,True,Listed Permian E&P within universe window,,Active,,,True,,,,Energy,Permian,0.0
2021-03-31,APA,True,Listed Permian E&P within universe window,,Active,,,True,,,,Energy,Permian,0.0
2021-03-31,EOG,True,Listed Permian E&P within universe window,,Active,,,True,,,,Energy,Permian,0.0
2021-03-31,SM,True,Listed Permian E&P within universe window,,Active,,,True,,,,Energy,Permian,0.0
2021-03-31,VTLE,True,Listed Permian E&P within universe window,,Active,,,True,,,,Energy,Permian,0.0
2021-03-31,PXD,True,Listed Permian E&P within universe window,,Active,,,True,,,,Energy,Permian,0.0
2021-03-31,CPE,True,Listed Permian E&P within universe window,,Active,,,True,,,,Energy,Permian,0.0
2021-03-31,CXO,False,,Delisted 2021-01-15,Delisted,,,False,,,,Energy,Permian,0.0
2021-06-30,FANG,True,Listed Permian E&P within universe window,,Active,,,True,,,,Energy,Permian,0.0
2021-06-30,MTDR,True,Listed Permian E&P within universe window,,Active,,,True,,,,Energy,Permian,0.0
2021-06-30,OVV,True,Listed Permian E&P within universe window,,Active,,,True,,,,Energy,Permian,0.0
2021-06-30,APA,True,Listed Permian E&P within universe window,,Active,,,True,,,,Energy,Permian,0.0
2021-06-30,EOG,True,Listed Permian E&P within universe window,,Active,,,True,,,,Energy,Permian,0.0
2021-06-30,SM,True,Listed Permian E&P within universe window,,Active,,,True,,,,Energy,Permian,0.0
2021-06-30,VTLE,True,Listed Permian E&P within universe window,,Active,,,True,,,,Energy,Permian,0.0
2021-06-30,PXD,True,Listed Permian E&P within universe window,,Active,,,True,,,,Energy,Permian,0.0
2021-06-30,CPE,True,Listed Permian E&P within universe window,,Active,,,True,,,,Energy,Permian,0.0
2021-09-30,FANG,True,Listed Permian E&P within universe window,,Active,,,True,,,,Energy,Permian,0.0
2021-09-30,MTDR,True,Listed Permian E&P within universe window,,Active,,,True,,,,Energy,Permian,0.0
2021-09-30,OVV,True,Listed Permian E&P within universe window,,Active,,,True,,,,Energy,Permian,0.0
2021-09-30,APA,True,Listed Permian E&P within universe window,,Active,,,True,,,,Energy,Permian,0.0
2021-09-30,EOG,True,Listed Permian E&P within universe window,,Active,,,True,,,,Energy,Permian,0.0
2021-09-30,SM,True,Listed Permian E&P within universe window,,Active,,,True,,,,Energy,Permian,0.0
2021-09-30,VTLE,True,Listed Permian E&P within universe window,,Active,,,True,,,,Energy,Permian,0.0
2021-09-30,PXD,True,Listed Permian E&P within universe window,,Active,,,True,,,,Energy,Permian,0.0
2021-09-30,CPE,True,Listed Permian E&P within universe window,,Active,,,True,,,,Energy,Permian,0.0
2021-12-31,FANG,True,Listed Permian E&P within universe window,,Active,,,True,,,,Energy,Permian,0.0
2021-12-31,CTRA,True,Listed Permian E&P within universe window,,Active,,,True,,,,Energy,Permian,0.0
2021-12-31,MTDR,True,Listed Permian E&P within universe window,,Active,,,True,,,,Energy,Permian,0.0
2021-12-31,OVV,True,Listed Permian E&P within universe window,,Active,,,True,,,,Energy,Permian,0.0
2021-12-31,APA,True,Listed Permian E&P within universe window,,Active,,,True,,,,Energy,Permian,0.0
2021-12-31,EOG,True,Listed Permian E&P within universe window,,Active,,,True,,,,Energy,Permian,0.0
2021-12-31,CRGY,True,Listed Permian E&P within universe window,,Active,,,True,,,,Energy,Permian,0.0
2021-12-31,SM,True,Listed Permian E&P within universe window,,Active,,,True,,,,Energy,Permian,0.0
2021-12-31,VTLE,True,Listed Permian E&P within universe window,,Active,,,True,,,,Energy,Permian,0.0
2021-12-31,CIVI,True,Listed Permian E&P within universe window,,Active,,,True,,,,Energy,Permian,0.0
2021-12-31,PXD,True,Listed Permian E&P within universe window,,Active,,,True,,,,Energy,Permian,0.0
2021-12-31,CPE,True,Listed Permian E&P within universe window,,Active,,,True,,,,Energy,Permian,0.0
2022-03-31,FANG,True,Listed Permian E&P within universe window,,Active,,,True,,,,Energy,Permian,0.0
2022-03-31,CTRA,True,Listed Permian E&P within universe window,,Active,,,True,,,,Energy,Permian,0.0
2022-03-31,MTDR,True,Listed Permian E&P within universe window,,Active,,,True,,,,Energy,Permian,0.0
2022-03-31,OVV,True,Listed Permian E&P within universe window,,Active,,,True,,,,Energy,Permian,0.0
2022-03-31,APA,True,Listed Permian E&P within universe window,,Active,,,True,,,,Energy,Permian,0.0
2022-03-31,EOG,True,Listed Permian E&P within universe window,,Active,,,True,,,,Energy,Permian,0.0
2022-03-31,CRGY,True,Listed Permian E&P within universe window,,Active,,,True,,,,Energy,Permian,0.0
2022-03-31,SM,True,Listed Permian E&P within universe window,,Active,,,True,,,,Energy,Permian,0.0
2022-03-31,VTLE,True,Listed Permian E&P within universe window,,Active,,,True,,,,Energy,Permian,0.0
2022-03-31,CIVI,True,Listed Permian E&P within universe window,,Active,,,True,,,,Energy,Permian,0.0
2022-03-31,PXD,True,Listed Permian E&P within universe window,,Active,,,True,,,,Energy,Permian,0.0
2022-03-31,CPE,True,Listed Permian E&P within universe window,,Active,,,True,,,,Energy,Permian,0.0
2022-06-30,FANG,True,Listed Permian E&P within universe window,,Active,,,True,,,,Energy,Permian,0.0
2022-06-30,CTRA,True,Listed Permian E&P within universe window,,Active,,,True,,,,Energy,Permian,0.0
2022-06-30,MTDR,True,Listed Permian E&P within universe window,,Active,,,True,,,,Energy,Permian,0.0
2022-06-30,OVV,True,Listed Permian E&P within universe window,,Active,,,True,,,,Energy,Permian,0.0
2022-06-30,APA,True,Listed Permian E&P within universe window,,Active,,,True,,,,Energy,Permian,0.0
2022-06-30,EOG,True,Listed Permian E&P within universe window,,Active,,,True,,,,Energy,Permian,0.0
2022-06-30,CRGY,True,Listed Permian E&P within universe window,,Active,,,True,,,,Energy,Permian,0.0
2022-06-30,SM,True,Listed Permian E&P within universe window,,Active,,,True,,,,Energy,Permian,0.0
2022-06-30,VTLE,True,Listed Permian E&P within universe window,,Active,,,True,,,,Energy,Permian,0.0
2022-06-30,CIVI,True,Listed Permian E&P within universe window,,Active,,,True,,,,Energy,Permian,0.0
2022-06-30,PXD,True,Listed Permian E&P within universe window,,Active,,,True,,,,Energy,Permian,0.0
2022-06-30,CPE,True,Listed Permian E&P within universe window,,Active,,,True,,,,Energy,Permian,0.0
2022-09-30,FANG,True,Listed Permian E&P within universe window,,Active,,,True,,,,Energy,Permian,0.0
2022-09-30,CTRA,True,Listed Permian E&P within universe window,,Active,,,True,,,,Energy,Permian,0.0
2022-09-30,MTDR,True,Listed Permian E&P within universe window,,Active,,,True,,,,Energy,Permian,0.0
2022-09-30,PR,True,Listed Permian E&P within universe window,,Active,,,True,,,,Energy,Permian,0.0
2022-09-30,OVV,True,Listed Permian E&P within universe window,,Active,,,True,,,,Energy,Permian,0.0
2022-09-30,APA,True,Listed Permian E&P within universe window,,Active,,,True,,,,Energy,Permian,0.0
2022-09-30,EOG,True,Listed Permian E&P within universe window,,Active,,,True,,,,Energy,Permian,0.0
2022-09-30,CRGY,True,Listed Permian E&P within universe window,,Active,,,True,,,,Energy,Permian,0.0
2022-09-30,SM,True,Listed Permian E&P within universe window,,Active,,,True,,,,Energy,Permian,0.0
2022-09-30,VTLE,True,Listed Permian E&P within universe window,,Active,,,True,,,,Energy,Permian,0.0
2022-09-30,CIVI,True,Listed Permian E&P within universe window,,Active,,,True,,,,Energy,Permian,0.0
2022-09-30,PXD,True,Listed Permian E&P within universe window,,Active,,,True,,,,Energy,Permian,0.0
2022-09-30,CPE,True,Listed Permian E&P within universe window,,Active,,,True,,,,Energy,Permian,0.0
2022-12-31,FANG,True,Listed Permian E&P within universe window,,Active,,,True,,,,Energy,Permian,0.0
2022-12-31,CTRA,True,Listed Permian E&P within universe window,,Active,,,True,,,,Energy,Permian,0.0
2022-12-31,MTDR,True,Listed Permian E&P within universe window,,Active,,,True,,,,Energy,Permian,0.0
2022-12-31,PR,True,Listed Permian E&P within universe window,,Active,,,True,,,,Energy,Permian,0.0
2022-12-31,OVV,True,Listed Permian E&P within universe window,,Active,,,True,,,,Energy,Permian,0.0
2022-12-31,APA,True,Listed Permian E&P within universe window,,Active,,,True,,,,Energy,Permian,0.0
2022-12-31,EOG,True,Listed Permian E&P within universe window,,Active,,,True,,,,Energy,Permian,0.0
2022-12-31,CRGY,True,Listed Permian E&P within universe window,,Active,,,True,,,,Energy,Permian,0.0
2022-12-31,SM,True,Listed Permian E&P within universe window,,Active,,,True,,,,Energy,Permian,0.0
2022-12-31,VTLE,True,Listed Permian E&P within universe window,,Active,,,True,,,,Energy,Permian,0.0
2022-12-31,CIVI,True,Listed Permian E&P within universe window,,Active,,,True,,,,Energy,Permian,0.0
2022-12-31,PXD,True,Listed Permian E&P within universe window,,Active,,,True,,,,Energy,Permian,0.0
2022-12-31,CPE,True,Listed Permian E&P within universe window,,Active,,,True,,,,Energy,Permian,0.0
2023-03-31,FANG,True,Listed Permian E&P within universe window,,Active,,,True,,,,Energy,Permian,0.0
2023-03-31,CTRA,True,Listed Permian E&P within universe window,,Active,,,True,,,,Energy,Permian,0.0
2023-03-31,MTDR,True,Listed Permian E&P within universe window,,Active,,,True,,,,Energy,Permian,0.0
2023-03-31,PR,True,Listed Permian E&P within universe window,,Active,,,True,,,,Energy,Permian,0.0
2023-03-31,OVV,True,Listed Permian E&P within universe window,,Active,,,True,,,,Energy,Permian,0.0
2023-03-31,APA,True,Listed Permian E&P within universe window,,Active,,,True,,,,Energy,Permian,0.0
2023-03-31,EOG,True,Listed Permian E&P within universe window,,Active,,,True,,,,Energy,Permian,0.0
2023-03-31,CRGY,True,Listed Permian E&P within universe window,,Active,,,True,,,,Energy,Permian,0.0
2023-03-31,SM,True,Listed Permian E&P within universe window,,Active,,,True,,,,Energy,Permian,0.0
2023-03-31,VTLE,True,Listed Permian E&P within universe window,,Active,,,True,,,,Energy,Permian,0.0
2023-03-31,CIVI,True,Listed Permian E&P within universe window,,Active,,,True,,,,Energy,Permian,0.0
2023-03-31,PXD,True,Listed Permian E&P within universe window,,Active,,,True,,,,Energy,Permian,0.0
2023-03-31,CPE,True,Listed Permian E&P within universe window,,Active,,,True,,,,Energy,Permian,0.0
2023-06-30,FANG,True,Listed Permian E&P within universe window,,Active,,,True,,,,Energy,Permian,0.0
2023-06-30,CTRA,True,Listed Permian E&P within universe window,,Active,,,True,,,,Energy,Permian,0.0
2023-06-30,MTDR,True,Listed Permian E&P within universe window,,Active,,,True,,,,Energy,Permian,0.0
2023-06-30,PR,True,Listed Permian E&P within universe window,,Active,,,True,,,,Energy,Permian,0.0
2023-06-30,OVV,True,Listed Permian E&P within universe window,,Active,,,True,,,,Energy,Permian,0.0
2023-06-30,APA,True,Listed Permian E&P within universe window,,Active,,,True,,,,Energy,Permian,0.0
2023-06-30,EOG,True,Listed Permian E&P within universe window,,Active,,,True,,,,Energy,Permian,0.0
2023-06-30,CRGY,True,Listed Permian E&P within universe window,,Active,,,True,,,,Energy,Permian,0.0
2023-06-30,SM,True,Listed Permian E&P within universe window,,Active,,,True,,,,Energy,Permian,0.0
2023-06-30,VTLE,True,Listed Permian E&P within universe window,,Active,,,True,,,,Energy,Permian,0.0
2023-06-30,CIVI,True,Listed Permian E&P within universe window,,Active,,,True,,,,Energy,Permian,0.0
2023-06-30,PXD,True,Listed Permian E&P within universe window,,Active,,,True,,,,Energy,Permian,0.0
2023-06-30,CPE,True,Listed Permian E&P within universe window,,Active,,,True,,,,Energy,Permian,0.0
2023-09-30,FANG,True,Listed Permian E&P within universe window,,Active,,,True,,,,Energy,Permian,0.0
2023-09-30,CTRA,True,Listed Permian E&P within universe window,,Active,,,True,,,,Energy,Permian,0.0
2023-09-30,MTDR,True,Listed Permian E&P within universe window,,Active,,,True,,,,Energy,Permian,0.0
2023-09-30,PR,True,Listed Permian E&P within universe window,,Active,,,True,,,,Energy,Permian,0.0
2023-09-30,OVV,True,Listed Permian E&P within universe window,,Active,,,True,,,,Energy,Permian,0.0
2023-09-30,APA,True,Listed Permian E&P within universe window,,Active,,,True,,,,Energy,Permian,0.0
2023-09-30,EOG,True,Listed Permian E&P within universe window,,Active,,,True,,,,Energy,Permian,0.0
2023-09-30,CRGY,True,Listed Permian E&P within universe window,,Active,,,True,,,,Energy,Permian,0.0
2023-09-30,SM,True,Listed Permian E&P within universe window,,Active,,,True,,,,Energy,Permian,0.0
2023-09-30,VTLE,True,Listed Permian E&P within universe window,,Active,,,True,,,,Energy,Permian,0.0
2023-09-30,CIVI,True,Listed Permian E&P within universe window,,Active,,,True,,,,Energy,Permian,0.0
2023-09-30,PXD,True,Listed Permian E&P within universe window,,Active,,,True,,,,Energy,Permian,0.0
2023-09-30,CPE,True,Listed Permian E&P within universe window,,Active,,,True,,,,Energy,Permian,0.0
2023-12-31,FANG,True,Listed Permian E&P within universe window,,Active,,,True,,,,Energy,Permian,0.0
2023-12-31,CTRA,True,Listed Permian E&P within universe window,,Active,,,True,,,,Energy,Permian,0.0
2023-12-31,MTDR,True,Listed Permian E&P within universe window,,Active,,,True,,,,Energy,Permian,0.0
2023-12-31,PR,True,Listed Permian E&P within universe window,,Active,,,True,,,,Energy,Permian,0.0
2023-12-31,OVV,True,Listed Permian E&P within universe window,,Active,,,True,,,,Energy,Permian,0.0
2023-12-31,APA,True,Listed Permian E&P within universe window,,Active,,,True,,,,Energy,Permian,0.0
2023-12-31,EOG,True,Listed Permian E&P within universe window,,Active,,,True,,,,Energy,Permian,0.0
2023-12-31,CRGY,True,Listed Permian E&P within universe window,,Active,,,True,,,,Energy,Permian,0.0
2023-12-31,SM,True,Listed Permian E&P within universe window,,Active,,,True,,,,Energy,Permian,0.0
2023-12-31,VTLE,True,Listed Permian E&P within universe window,,Active,,,True,,,,Energy,Permian,0.0
2023-12-31,CIVI,True,Listed Permian E&P within universe window,,Active,,,True,,,,Energy,Permian,0.0
2023-12-31,PXD,True,Listed Permian E&P within universe window,,Active,,,True,,,,Energy,Permian,0.0
2023-12-31,CPE,True,Listed Permian E&P within universe window,,Active,,,True,,,,Energy,Permian,0.0
2024-03-31,FANG,True,Listed Permian E&P within universe window,,Active,,,True,,,,Energy,Permian,0.0
2024-03-31,CTRA,True,Listed Permian E&P within universe window,,Active,,,True,,,,Energy,Permian,0.0
2024-03-31,MTDR,True,Listed Permian E&P within universe window,,Active,,,True,,,,Energy,Permian,0.0
2024-03-31,PR,True,Listed Permian E&P within universe window,,Active,,,True,,,,Energy,Permian,0.0
2024-03-31,OVV,True,Listed Permian E&P within universe window,,Active,,,True,,,,Energy,Permian,0.0
2024-03-31,APA,True,Listed Permian E&P within universe window,,Active,,,True,,,,Energy,Permian,0.0
2024-03-31,EOG,True,Listed Permian E&P within universe window,,Active,,,True,,,,Energy,Permian,0.0
2024-03-31,CRGY,True,Listed Permian E&P within universe window,,Active,,,True,,,,Energy,Permian,0.0
2024-03-31,SM,True,Listed Permian E&P within universe window,,Active,,,True,,,,Energy,Permian,0.0
2024-03-31,VTLE,True,Listed Permian E&P within universe window,,Active,,,True,,,,Energy,Permian,0.0
2024-03-31,CIVI,True,Listed Permian E&P within universe window,,Active,,,True,,,,Energy,Permian,0.0
2024-03-31,PXD,True,Listed Permian E&P within universe window,,Active,,,True,,,,Energy,Permian,0.0
2024-03-31,CPE,True,Listed Permian E&P within universe window,,Active,,,True,,,,Energy,Permian,0.0
2024-06-30,FANG,True,Listed Permian E&P within universe window,,Active,,,True,,,,Energy,Permian,0.0
2024-06-30,CTRA,True,Listed Permian E&P within universe window,,Active,,,True,,,,Energy,Permian,0.0
2024-06-30,MTDR,True,Listed Permian E&P within universe window,,Active,,,True,,,,Energy,Permian,0.0
2024-06-30,PR,True,Listed Permian E&P within universe window,,Active,,,True,,,,Energy,Permian,0.0
2024-06-30,OVV,True,Listed Permian E&P within universe window,,Active,,,True,,,,Energy,Permian,0.0
2024-06-30,APA,True,Listed Permian E&P within universe window,,Active,,,True,,,,Energy,Permian,0.0
2024-06-30,EOG,True,Listed Permian E&P within universe window,,Active,,,True,,,,Energy,Permian,0.0
2024-06-30,CRGY,True,Listed Permian E&P within universe window,,Active,,,True,,,,Energy,Permian,0.0
2024-06-30,SM,True,Listed Permian E&P within universe window,,Active,,,True,,,,Energy,Permian,0.0
2024-06-30,VTLE,True,Listed Permian E&P within universe window,,Active,,,True,,,,Energy,Permian,0.0
2024-06-30,CIVI,True,Listed Permian E&P within universe window,,Active,,,True,,,,Energy,Permian,0.0
2024-06-30,PXD,False,,Delisted 2024-05-03,Delisted,,,False,,,,Energy,Permian,0.0
2024-06-30,CPE,False,,Delisted 2024-04-01,Delisted,,,False,,,,Energy,Permian,0.0
2024-09-30,FANG,True,Listed Permian E&P within universe window,,Active,,,True,,,,Energy,Permian,0.0
2024-09-30,CTRA,True,Listed Permian E&P within universe window,,Active,,,True,,,,Energy,Permian,0.0
2024-09-30,MTDR,True,Listed Permian E&P within universe window,,Active,,,True,,,,Energy,Permian,0.0
2024-09-30,PR,True,Listed Permian E&P within universe window,,Active,,,True,,,,Energy,Permian,0.0
2024-09-30,OVV,True,Listed Permian E&P within universe window,,Active,,,True,,,,Energy,Permian,0.0
2024-09-30,APA,True,Listed Permian E&P within universe window,,Active,,,True,,,,Energy,Permian,0.0
2024-09-30,EOG,True,Listed Permian E&P within universe window,,Active,,,True,,,,Energy,Permian,0.0
2024-09-30,CRGY,True,Listed Permian E&P within universe window,,Active,,,True,,,,Energy,Permian,0.0
2024-09-30,SM,True,Listed Permian E&P within universe window,,Active,,,True,,,,Energy,Permian,0.0
2024-09-30,VTLE,True,Listed Permian E&P within universe window,,Active,,,True,,,,Energy,Permian,0.0
2024-09-30,CIVI,True,Listed Permian E&P within universe window,,Active,,,True,,,,Energy,Permian,0.0
2024-12-31,FANG,True,Listed Permian E&P within universe window,,Active,,,True,,,,Energy,Permian,0.0
2024-12-31,CTRA,True,Listed Permian E&P within universe window,,Active,,,True,,,,Energy,Permian,0.0
2024-12-31,MTDR,True,Listed Permian E&P within universe window,,Active,,,True,,,,Energy,Permian,0.0
2024-12-31,PR,True,Listed Permian E&P within universe window,,Active,,,True,,,,Energy,Permian,0.0
2024-12-31,OVV,True,Listed Permian E&P within universe window,,Active,,,True,,,,Energy,Permian,0.0
2024-12-31,APA,True,Listed Permian E&P within universe window,,Active,,,True,,,,Energy,Permian,0.0
2024-12-31,EOG,True,Listed Permian E&P within universe window,,Active,,,True,,,,Energy,Permian,0.0
2024-12-31,CRGY,True,Listed Permian E&P within universe window,,Active,,,True,,,,Energy,Permian,0.0
2024-12-31,SM,True,Listed Permian E&P within universe window,,Active,,,True,,,,Energy,Permian,0.0
2024-12-31,VTLE,True,Listed Permian E&P within universe window,,Active,,,True,,,,Energy,Permian,0.0
2024-12-31,CIVI,True,Listed Permian E&P within universe window,,Active,,,True,,,,Energy,Permian,0.0
2025-03-31,FANG,True,Listed Permian E&P within universe window,,Active,,,True,,,,Energy,Permian,0.0
2025-03-31,CTRA,True,Listed Permian E&P within universe window,,Active,,,True,,,,Energy,Permian,0.0
2025-03-31,MTDR,True,Listed Permian E&P within universe window,,Active,,,True,,,,Energy,Permian,0.0
2025-03-31,PR,True,Listed Permian E&P within universe window,,Active,,,True,,,,Energy,Permian,0.0
2025-03-31,OVV,True,Listed Permian E&P within universe window,,Active,,,True,,,,Energy,Permian,0.0
2025-03-31,APA,True,Listed Permian E&P within universe window,,Active,,,True,,,,Energy,Permian,0.0
2025-03-31,EOG,True,Listed Permian E&P within universe window,,Active,,,True,,,,Energy,Permian,0.0
2025-03-31,CRGY,True,Listed Permian E&P within universe window,,Active,,,True,,,,Energy,Permian,0.0
2025-03-31,SM,True,Listed Permian E&P within universe window,,Active,,,True,,,,Energy,Permian,0.0
2025-03-31,VTLE,True,Listed Permian E&P within universe window,,Active,,,True,,,,Energy,Permian,0.0
2025-03-31,CIVI,True,Listed Permian E&P within universe window,,Active,,,True,,,,Energy,Permian,0.0
2025-06-30,FANG,True,Listed Permian E&P within universe window,,Active,,,True,,,,Energy,Permian,0.0
2025-06-30,CTRA,True,Listed Permian E&P within universe window,,Active,,,True,,,,Energy,Permian,0.0
2025-06-30,MTDR,True,Listed Permian E&P within universe window,,Active,,,True,,,,Energy,Permian,0.0
2025-06-30,PR,True,Listed Permian E&P within universe window,,Active,,,True,,,,Energy,Permian,0.0
2025-06-30,OVV,True,Listed Permian E&P within universe window,,Active,,,True,,,,Energy,Permian,0.0
2025-06-30,APA,True,Listed Permian E&P within universe window,,Active,,,True,,,,Energy,Permian,0.0
2025-06-30,EOG,True,Listed Permian E&P within universe window,,Active,,,True,,,,Energy,Permian,0.0
2025-06-30,CRGY,True,Listed Permian E&P within universe window,,Active,,,True,,,,Energy,Permian,0.0
2025-06-30,SM,True,Listed Permian E&P within universe window,,Active,,,True,,,,Energy,Permian,0.0
2025-06-30,VTLE,True,Listed Permian E&P within universe window,,Active,,,True,,,,Energy,Permian,0.0
2025-06-30,CIVI,True,Listed Permian E&P within universe window,,Active,,,True,,,,Energy,Permian,0.0
2025-09-30,FANG,True,Listed Permian E&P within universe window,,Active,,,True,,,,Energy,Permian,0.0
2025-09-30,CTRA,True,Listed Permian E&P within universe window,,Active,,,True,,,,Energy,Permian,0.0
2025-09-30,MTDR,True,Listed Permian E&P within universe window,,Active,,,True,,,,Energy,Permian,0.0
2025-09-30,PR,True,Listed Permian E&P within universe window,,Active,,,True,,,,Energy,Permian,0.0
2025-09-30,OVV,True,Listed Permian E&P within universe window,,Active,,,True,,,,Energy,Permian,0.0
2025-09-30,APA,True,Listed Permian E&P within universe window,,Active,,,True,,,,Energy,Permian,0.0
2025-09-30,EOG,True,Listed Permian E&P within universe window,,Active,,,True,,,,Energy,Permian,0.0
2025-09-30,CRGY,True,Listed Permian E&P within universe window,,Active,,,True,,,,Energy,Permian,0.0
2025-09-30,SM,True,Listed Permian E&P within universe window,,Active,,,True,,,,Energy,Permian,0.0
2025-09-30,VTLE,True,Listed Permian E&P within universe window,,Active,,,True,,,,Energy,Permian,0.0
2025-09-30,CIVI,True,Listed Permian E&P within universe window,,Active,,,True,,,,Energy,Permian,0.0
2025-12-31,FANG,True,Listed Permian E&P within universe window,,Active,,,True,,,,Energy,Permian,0.0
2025-12-31,CTRA,True,Listed Permian E&P within universe window,,Active,,,True,,,,Energy,Permian,0.0
2025-12-31,MTDR,True,Listed Permian E&P within universe window,,Active,,,True,,,,Energy,Permian,0.0
2025-12-31,PR,True,Listed Permian E&P within universe window,,Active,,,True,,,,Energy,Permian,0.0
2025-12-31,OVV,True,Listed Permian E&P within universe window,,Active,,,True,,,,Energy,Permian,0.0
2025-12-31,APA,True,Listed Permian E&P within universe window,,Active,,,True,,,,Energy,Permian,0.0
2025-12-31,EOG,True,Listed Permian E&P within universe window,,Active,,,True,,,,Energy,Permian,0.0
2025-12-31,CRGY,True,Listed Permian E&P within universe window,,Active,,,True,,,,Energy,Permian,0.0
2025-12-31,SM,True,Listed Permian E&P within universe window,,Active,,,True,,,,Energy,Permian,0.0
2025-12-31,VTLE,False,,Delisted 2025-12-15,Delisted,,,False,,,,Energy,Permian,0.0
2025-12-31,CIVI,True,Listed Permian E&P within universe window,,Active,,,True,,,,Energy,Permian,0.0
2026-03-31,FANG,True,Listed Permian E&P within universe window,,Active,,,True,,,,Energy,Permian,0.0
2026-03-31,CTRA,True,Listed Permian E&P within universe window,,Active,,,True,,,,Energy,Permian,0.0
2026-03-31,MTDR,True,Listed Permian E&P within universe window,,Active,,,True,,,,Energy,Permian,0.0
2026-03-31,PR,True,Listed Permian E&P within universe window,,Active,,,True,,,,Energy,Permian,0.0
2026-03-31,OVV,True,Listed Permian E&P within universe window,,Active,,,True,,,,Energy,Permian,0.0
2026-03-31,APA,True,Listed Permian E&P within universe window,,Active,,,True,,,,Energy,Permian,0.0
2026-03-31,EOG,True,Listed Permian E&P within universe window,,Active,,,True,,,,Energy,Permian,0.0
2026-03-31,CRGY,True,Listed Permian E&P within universe window,,Active,,,True,,,,Energy,Permian,0.0
2026-03-31,SM,True,Listed Permian E&P within universe window,,Active,,,True,,,,Energy,Permian,0.0
2026-03-31,CIVI,False,,Delisted 2026-01-30,Delisted,,,False,,,,Energy,Permian,0.0
